sample_id,species,region,location,spawn,year,x,y,study,wg.depth,new.id,time,included,period,source
201450544,clupea_harengus,Faroe_Islands,Faroe Islands,autumn,2014,-7.03463,61.88078,Kongsstovu_2022,2.675704,faroe_1,modern,yes,mh,Kongsstovu_2022
201450545,clupea_harengus,Faroe_Islands,Faroe Islands,autumn,2014,-7.03463,61.88078,Kongsstovu_2022,1.225597,faroe_2,modern,yes,mh,Kongsstovu_2022
201550141,clupea_harengus,Faroe_Islands,Faroe Islands,autumn,2015,-7.03463,61.88078,Kongsstovu_2022,5.347861,faroe_3,modern,yes,mh,Kongsstovu_2022
201550142,clupea_harengus,Faroe_Islands,Faroe Islands,autumn,2015,-7.03463,61.88078,Kongsstovu_2022,3.000768,faroe_4,modern,yes,mh,Kongsstovu_2022
201550143,clupea_harengus,Faroe_Islands,Faroe Islands,autumn,2015,-7.03463,61.88078,Kongsstovu_2022,2.347772,faroe_5,modern,yes,mh,Kongsstovu_2022
201550145,clupea_harengus,Faroe_Islands,Faroe Islands,autumn,2015,-7.03463,61.88078,Kongsstovu_2022,3.386134,faroe_6,modern,yes,mh,Kongsstovu_2022
201550147,clupea_harengus,Faroe_Islands,Faroe Islands,autumn,2015,-7.03463,61.88078,Kongsstovu_2022,1.352436,faroe_7,modern,yes,mh,Kongsstovu_2022
201550149,clupea_harengus,Faroe_Islands,Faroe Islands,autumn,2015,-7.03463,61.88078,Kongsstovu_2022,3.084411,faroe_8,modern,yes,mh,Kongsstovu_2022
201550562,clupea_harengus,Norway,Norwegian Sea,spring,2015,-1.84517,64.51262,Kongsstovu_2022,2.201382,norwegian_1,modern,yes,mh,Kongsstovu_2022
201550563,clupea_harengus,Norway,Norwegian Sea,spring,2015,-1.84517,64.51262,Kongsstovu_2022,3.026903,norwegian_2,modern,yes,mh,Kongsstovu_2022
201550564,clupea_harengus,Norway,Norwegian Sea,spring,2015,-1.84517,64.51262,Kongsstovu_2022,1.835695,norwegian_3,modern,yes,mh,Kongsstovu_2022
201550565,clupea_harengus,Norway,Norwegian Sea,spring,2015,-1.84517,64.51262,Kongsstovu_2022,2.193944,norwegian_4,modern,yes,mh,Kongsstovu_2022
201550566,clupea_harengus,Norway,Norwegian Sea,spring,2015,-1.84517,64.51262,Kongsstovu_2022,1.642967,norwegian_5,modern,yes,mh,Kongsstovu_2022
201550567,clupea_harengus,Norway,Norwegian Sea,spring,2015,-1.84517,64.51262,Kongsstovu_2022,1.807172,norwegian_6,modern,yes,mh,Kongsstovu_2022
201550568,clupea_harengus,Norway,Norwegian Sea,spring,2015,-1.84517,64.51262,Kongsstovu_2022,1.874624,norwegian_7,modern,yes,mh,Kongsstovu_2022
201550569,clupea_harengus,Norway,Norwegian Sea,spring,2015,-1.84517,64.51262,Kongsstovu_2022,2.060728,norwegian_8,modern,yes,mh,Kongsstovu_2022
201604591,clupea_harengus,Faroe_Islands,Faroe Islands,autumn,2016,-7.03463,61.88078,Kongsstovu_2022,3.388008,faroe_9,modern,yes,mh,Kongsstovu_2022
201650792,clupea_harengus,North_Sea,North Sea,autumn,2016,1.64507,59.81814,Kongsstovu_2022,3.500345,northsea_1,modern,yes,mh,Kongsstovu_2022
201650793,clupea_harengus,North_Sea,North Sea,autumn,2016,1.64507,59.81814,Kongsstovu_2022,2.673982,northsea_2,modern,yes,mh,Kongsstovu_2022
201650794,clupea_harengus,North_Sea,North Sea,autumn,2016,1.64507,59.81814,Kongsstovu_2022,4.552802,northsea_3,modern,yes,mh,Kongsstovu_2022
201650795,clupea_harengus,North_Sea,North Sea,autumn,2016,1.64507,59.81814,Kongsstovu_2022,4.347804,northsea_4,modern,yes,mh,Kongsstovu_2022
201650796,clupea_harengus,North_Sea,North Sea,autumn,2016,1.64507,59.81814,Kongsstovu_2022,2.931466,northsea_5,modern,yes,mh,Kongsstovu_2022
201650797,clupea_harengus,North_Sea,North Sea,autumn,2016,1.64507,59.81814,Kongsstovu_2022,3.356827,northsea_6,modern,yes,mh,Kongsstovu_2022
201650798,clupea_harengus,North_Sea,North Sea,autumn,2016,1.64507,59.81814,Kongsstovu_2022,4.306733,northsea_7,modern,yes,mh,Kongsstovu_2022
201650799,clupea_harengus,North_Sea,North Sea,autumn,2016,1.64507,59.81814,Kongsstovu_2022,5.158727,northsea_8,modern,yes,mh,Kongsstovu_2022
201750143,clupea_harengus,Faroe_Islands,Faroe Islands,autumn,2017,-7.03463,61.88078,Kongsstovu_2022,2.528463,faroe_10,modern,yes,mh,Kongsstovu_2022
201750144,clupea_harengus,Faroe_Islands,Faroe Islands,autumn,2017,-7.03463,61.88078,Kongsstovu_2022,1.818575,faroe_11,modern,yes,mh,Kongsstovu_2022
201750145,clupea_harengus,Faroe_Islands,Faroe Islands,autumn,2017,-7.03463,61.88078,Kongsstovu_2022,1.634615,faroe_12,modern,yes,mh,Kongsstovu_2022
201750146,clupea_harengus,Faroe_Islands,Faroe Islands,autumn,2017,-7.03463,61.88078,Kongsstovu_2022,3.157729,faroe_13,modern,yes,mh,Kongsstovu_2022
201750147,clupea_harengus,Faroe_Islands,Faroe Islands,autumn,2017,-7.03463,61.88078,Kongsstovu_2022,1.565254,faroe_14,modern,yes,mh,Kongsstovu_2022
201750149,clupea_harengus,Faroe_Islands,Faroe Islands,autumn,2017,-7.03463,61.88078,Kongsstovu_2022,1.619030,faroe_15,modern,yes,mh,Kongsstovu_2022
201750153,clupea_harengus,Faroe_Islands,Faroe Islands,autumn,2017,-7.03463,61.88078,Kongsstovu_2022,2.261519,faroe_16,modern,yes,mh,Kongsstovu_2022
201750154,clupea_harengus,Faroe_Islands,Faroe Islands,autumn,2017,-7.03463,61.88078,Kongsstovu_2022,2.083857,faroe_17,modern,yes,mh,Kongsstovu_2022
201750155,clupea_harengus,Faroe_Islands,Faroe Islands,autumn,2017,-7.03463,61.88078,Kongsstovu_2022,2.030984,faroe_18,modern,yes,mh,Kongsstovu_2022
201750157,clupea_harengus,Faroe_Islands,Faroe Islands,autumn,2017,-7.03463,61.88078,Kongsstovu_2022,2.310244,faroe_19,modern,yes,mh,Kongsstovu_2022
201750158,clupea_harengus,Faroe_Islands,Faroe Islands,autumn,2017,-7.03463,61.88078,Kongsstovu_2022,1.893150,faroe_20,modern,yes,mh,Kongsstovu_2022
201750159,clupea_harengus,Faroe_Islands,Faroe Islands,autumn,2017,-7.03463,61.88078,Kongsstovu_2022,1.716020,faroe_21,modern,yes,mh,Kongsstovu_2022
201750201,clupea_harengus,Iceland,Iceland,summer,2017,-19.09193,63.06307,Kongsstovu_2022,2.557799,iceland_1,modern,yes,mh,Kongsstovu_2022
201750202,clupea_harengus,Iceland,Iceland,summer,2017,-19.09193,63.06307,Kongsstovu_2022,1.479183,iceland_2,modern,yes,mh,Kongsstovu_2022
201750203,clupea_harengus,Iceland,Iceland,summer,2017,-19.09193,63.06307,Kongsstovu_2022,0.843634,iceland_3,modern,yes,mh,Kongsstovu_2022
201750204,clupea_harengus,Iceland,Iceland,summer,2017,-19.09193,63.06307,Kongsstovu_2022,1.042765,iceland_4,modern,yes,mh,Kongsstovu_2022
201750205,clupea_harengus,Iceland,Iceland,summer,2017,-19.09193,63.06307,Kongsstovu_2022,1.087351,iceland_5,modern,yes,mh,Kongsstovu_2022
201750206,clupea_harengus,Iceland,Iceland,summer,2017,-19.09193,63.06307,Kongsstovu_2022,0.640084,iceland_6,modern,yes,mh,Kongsstovu_2022
201750207,clupea_harengus,Iceland,Iceland,summer,2017,-19.09193,63.06307,Kongsstovu_2022,1.099165,iceland_7,modern,yes,mh,Kongsstovu_2022
201750212,clupea_harengus,Iceland,Iceland,summer,2017,-19.09193,63.06307,Kongsstovu_2022,1.387487,iceland_8,modern,yes,mh,Kongsstovu_2022
201750214,clupea_harengus,Iceland,Iceland,summer,2017,-19.09193,63.06307,Kongsstovu_2022,1.579838,iceland_9,modern,yes,mh,Kongsstovu_2022
201750215,clupea_harengus,Iceland,Iceland,summer,2017,-19.09193,63.06307,Kongsstovu_2022,1.159471,iceland_10,modern,yes,mh,Kongsstovu_2022
201750216,clupea_harengus,Iceland,Iceland,summer,2017,-19.09193,63.06307,Kongsstovu_2022,1.738990,iceland_11,modern,yes,mh,Kongsstovu_2022
201750217,clupea_harengus,Iceland,Iceland,summer,2017,-19.09193,63.06307,Kongsstovu_2022,1.625990,iceland_12,modern,yes,mh,Kongsstovu_2022
201750218,clupea_harengus,Iceland,Iceland,summer,2017,-19.09193,63.06307,Kongsstovu_2022,1.811082,iceland_13,modern,yes,mh,Kongsstovu_2022
201750219,clupea_harengus,Iceland,Iceland,summer,2017,-19.09193,63.06307,Kongsstovu_2022,1.127468,iceland_14,modern,yes,mh,Kongsstovu_2022
201750221,clupea_harengus,Iceland,Iceland,summer,2017,-19.09193,63.06307,Kongsstovu_2022,1.219315,iceland_15,modern,yes,mh,Kongsstovu_2022
201750222,clupea_harengus,Iceland,Iceland,summer,2017,-19.09193,63.06307,Kongsstovu_2022,1.181440,iceland_16,modern,yes,mh,Kongsstovu_2022
201750223,clupea_harengus,Iceland,Iceland,summer,2017,-19.09193,63.06307,Kongsstovu_2022,2.755304,iceland_17,modern,yes,mh,Kongsstovu_2022
201750224,clupea_harengus,Iceland,Iceland,summer,2017,-19.09193,63.06307,Kongsstovu_2022,1.684957,iceland_18,modern,yes,mh,Kongsstovu_2022
201750225,clupea_harengus,Iceland,Iceland,summer,2017,-19.09193,63.06307,Kongsstovu_2022,1.291477,iceland_19,modern,yes,mh,Kongsstovu_2022
201750226,clupea_harengus,Iceland,Iceland,summer,2017,-19.09193,63.06307,Kongsstovu_2022,1.500305,iceland_20,modern,yes,mh,Kongsstovu_2022
201750227,clupea_harengus,Iceland,Iceland,summer,2017,-19.09193,63.06307,Kongsstovu_2022,1.557081,iceland_21,modern,yes,mh,Kongsstovu_2022
201750228,clupea_harengus,Iceland,Iceland,summer,2017,-19.09193,63.06307,Kongsstovu_2022,1.108278,iceland_22,modern,yes,mh,Kongsstovu_2022
201750231,clupea_harengus,Iceland,Iceland,summer,2017,-19.09193,63.06307,Kongsstovu_2022,1.059408,iceland_23,modern,yes,mh,Kongsstovu_2022
201750232,clupea_harengus,Iceland,Iceland,summer,2017,-19.09193,63.06307,Kongsstovu_2022,1.956372,iceland_24,modern,yes,mh,Kongsstovu_2022
201750233,clupea_harengus,Iceland,Iceland,summer,2017,-19.09193,63.06307,Kongsstovu_2022,1.731239,iceland_25,modern,yes,mh,Kongsstovu_2022
201750234,clupea_harengus,Iceland,Iceland,summer,2017,-19.09193,63.06307,Kongsstovu_2022,2.864934,iceland_26,modern,yes,mh,Kongsstovu_2022
201750235,clupea_harengus,Iceland,Iceland,summer,2017,-19.09193,63.06307,Kongsstovu_2022,0.828609,iceland_27,modern,yes,mh,Kongsstovu_2022
201750236,clupea_harengus,Iceland,Iceland,summer,2017,-19.09193,63.06307,Kongsstovu_2022,1.722270,iceland_28,modern,yes,mh,Kongsstovu_2022
201750237,clupea_harengus,Iceland,Iceland,summer,2017,-19.09193,63.06307,Kongsstovu_2022,1.562869,iceland_29,modern,yes,mh,Kongsstovu_2022
201750238,clupea_harengus,Iceland,Iceland,summer,2017,-19.09193,63.06307,Kongsstovu_2022,1.604630,iceland_30,modern,yes,mh,Kongsstovu_2022
1552004523,clupea_harengus,Norway,Norwegian Sea,spring,2015,-1.84517,64.51262,Kongsstovu_2022,2.275458,norwegian_9,modern,yes,mh,Kongsstovu_2022
1552004524,clupea_harengus,Norway,Norwegian Sea,spring,2015,-1.84517,64.51262,Kongsstovu_2022,2.368995,norwegian_10,modern,yes,mh,Kongsstovu_2022
1552004526,clupea_harengus,Norway,Norwegian Sea,spring,2015,-1.84517,64.51262,Kongsstovu_2022,2.552523,norwegian_11,modern,yes,mh,Kongsstovu_2022
1552004722,clupea_harengus,Norway,Norwegian Sea,spring,2015,-1.84517,64.51262,Kongsstovu_2022,2.475247,norwegian_12,modern,yes,mh,Kongsstovu_2022
1552004723,clupea_harengus,Norway,Norwegian Sea,spring,2015,-1.84517,64.51262,Kongsstovu_2022,3.380848,norwegian_13,modern,yes,mh,Kongsstovu_2022
1552004724,clupea_harengus,Norway,Norwegian Sea,spring,2015,-1.84517,64.51262,Kongsstovu_2022,1.953641,norwegian_14,modern,yes,mh,Kongsstovu_2022
1552005123,clupea_harengus,Norway,Norwegian Sea,spring,2015,-1.84517,64.51262,Kongsstovu_2022,2.607269,norwegian_15,modern,yes,mh,Kongsstovu_2022
1552005124,clupea_harengus,Norway,Norwegian Sea,spring,2015,-1.84517,64.51262,Kongsstovu_2022,2.543633,norwegian_16,modern,yes,mh,Kongsstovu_2022
1552005125,clupea_harengus,Norway,Norwegian Sea,spring,2015,-1.84517,64.51262,Kongsstovu_2022,1.827254,norwegian_17,modern,yes,mh,Kongsstovu_2022
1552005524,clupea_harengus,Norway,Norwegian Sea,spring,2015,-1.84517,64.51262,Kongsstovu_2022,2.722821,norwegian_18,modern,yes,mh,Kongsstovu_2022
1552005525,clupea_harengus,Norway,Norwegian Sea,spring,2015,-1.84517,64.51262,Kongsstovu_2022,2.301766,norwegian_19,modern,yes,mh,Kongsstovu_2022
1552005923,clupea_harengus,Norway,Norwegian Sea,spring,2015,-1.84517,64.51262,Kongsstovu_2022,2.003295,norwegian_20,modern,yes,mh,Kongsstovu_2022
1552005924,clupea_harengus,Norway,Norwegian Sea,spring,2015,-1.84517,64.51262,Kongsstovu_2022,2.399880,norwegian_21,modern,yes,mh,Kongsstovu_2022
1552006326,clupea_harengus,Norway,Norwegian Sea,spring,2015,-1.84517,64.51262,Kongsstovu_2022,2.352953,norwegian_22,modern,yes,mh,Kongsstovu_2022
1552006327,clupea_harengus,Norway,Norwegian Sea,spring,2015,-1.84517,64.51262,Kongsstovu_2022,2.405929,norwegian_23,modern,yes,mh,Kongsstovu_2022
2015501410,clupea_harengus,Faroe_Islands,Faroe Islands,autumn,2015,-7.03463,61.88078,Kongsstovu_2022,2.489804,faroe_22,modern,yes,mh,Kongsstovu_2022
2015501411,clupea_harengus,Faroe_Islands,Faroe Islands,autumn,2015,-7.03463,61.88078,Kongsstovu_2022,2.926434,faroe_23,modern,yes,mh,Kongsstovu_2022
2015505610,clupea_harengus,Norway,Norwegian Sea,spring,2015,-1.84517,64.51262,Kongsstovu_2022,2.661083,norwegian_24,modern,yes,mh,Kongsstovu_2022
2015505612,clupea_harengus,Norway,Norwegian Sea,spring,2015,-1.84517,64.51262,Kongsstovu_2022,2.565773,norwegian_25,modern,yes,mh,Kongsstovu_2022
2015505613,clupea_harengus,Norway,Norwegian Sea,spring,2015,-1.84517,64.51262,Kongsstovu_2022,2.022994,norwegian_26,modern,yes,mh,Kongsstovu_2022
2015505622,clupea_harengus,Norway,Norwegian Sea,spring,2015,-1.84517,64.51262,Kongsstovu_2022,3.033225,norwegian_27,modern,yes,mh,Kongsstovu_2022
2015505623,clupea_harengus,Norway,Norwegian Sea,spring,2015,-1.84517,64.51262,Kongsstovu_2022,2.728977,norwegian_28,modern,yes,mh,Kongsstovu_2022
2015505624,clupea_harengus,Norway,Norwegian Sea,spring,2015,-1.84517,64.51262,Kongsstovu_2022,2.119377,norwegian_29,modern,yes,mh,Kongsstovu_2022
2016507910,clupea_harengus,North_Sea,North Sea,autumn,2016,1.64507,59.81814,Kongsstovu_2022,4.342309,northsea_9,modern,yes,mh,Kongsstovu_2022
2016507911,clupea_harengus,North_Sea,North Sea,autumn,2016,1.64507,59.81814,Kongsstovu_2022,3.738366,northsea_10,modern,yes,mh,Kongsstovu_2022
2016507912,clupea_harengus,North_Sea,North Sea,autumn,2016,1.64507,59.81814,Kongsstovu_2022,4.309219,northsea_11,modern,yes,mh,Kongsstovu_2022
2016507913,clupea_harengus,North_Sea,North Sea,autumn,2016,1.64507,59.81814,Kongsstovu_2022,4.213455,northsea_12,modern,yes,mh,Kongsstovu_2022
2016507915,clupea_harengus,North_Sea,North Sea,autumn,2016,1.64507,59.81814,Kongsstovu_2022,3.790715,northsea_13,modern,yes,mh,Kongsstovu_2022
2016507916,clupea_harengus,North_Sea,North Sea,autumn,2016,1.64507,59.81814,Kongsstovu_2022,3.592780,northsea_14,modern,yes,mh,Kongsstovu_2022
2016507918,clupea_harengus,North_Sea,North Sea,autumn,2016,1.64507,59.81814,Kongsstovu_2022,4.782432,northsea_15,modern,yes,mh,Kongsstovu_2022
2016507919,clupea_harengus,North_Sea,North Sea,autumn,2016,1.64507,59.81814,Kongsstovu_2022,4.684800,northsea_16,modern,yes,mh,Kongsstovu_2022
2016507920,clupea_harengus,North_Sea,North Sea,autumn,2016,1.64507,59.81814,Kongsstovu_2022,3.975175,northsea_17,modern,yes,mh,Kongsstovu_2022
2017501410,clupea_harengus,Faroe_Islands,Faroe Islands,autumn,2017,-7.03463,61.88078,Kongsstovu_2022,1.669870,faroe_24,modern,yes,mh,Kongsstovu_2022
2017501411,clupea_harengus,Faroe_Islands,Faroe Islands,autumn,2017,-7.03463,61.88078,Kongsstovu_2022,2.352041,faroe_25,modern,yes,mh,Kongsstovu_2022
2017501414,clupea_harengus,Faroe_Islands,Faroe Islands,autumn,2017,-7.03463,61.88078,Kongsstovu_2022,3.032084,faroe_26,modern,yes,mh,Kongsstovu_2022
2017501510,clupea_harengus,Faroe_Islands,Faroe Islands,autumn,2017,-7.03463,61.88078,Kongsstovu_2022,1.085977,faroe_27,modern,yes,mh,Kongsstovu_2022
12S4Rsv38,clupea_harengus,NW-ATL,Stephenville,spring,2012,-57.94,49.73,FuentesPardo_2024,34.881272,stephenville_1,modern,no,,FuentesPardo_2024
12S4Rsv41,clupea_harengus,NW-ATL,Stephenville,spring,2012,-57.94,49.73,FuentesPardo_2024,35.730245,stephenville_2,modern,no,,FuentesPardo_2024
12S4S7i22,clupea_harengus,NW-ATL,Seven Islands,summer,2012,-66.33,50.09,FuentesPardo_2024,32.744219,sevenislands_1,modern,no,,FuentesPardo_2024
12S4S7i28,clupea_harengus,NW-ATL,Seven Islands,summer,2012,-66.33,50.09,FuentesPardo_2024,34.624010,sevenislands_2,modern,no,,FuentesPardo_2024
14F4Sbs344,clupea_harengus,NW-ATL,Blanc Sablon,autumn,2014,-57.31,51.38,FuentesPardo_2024,33.168641,blancsablon_1,modern,no,,FuentesPardo_2024
14F4Sbs349,clupea_harengus,NW-ATL,Blanc Sablon,autumn,2014,-57.31,51.38,FuentesPardo_2024,31.076110,blancsablon_2,modern,no,,FuentesPardo_2024
14F4TL404,clupea_harengus,NW-ATL,Prince Edward Island,autumn,2014,-63.96,47.04,FuentesPardo_2024,36.076157,princeedward_1,modern,no,,FuentesPardo_2024
14F4TL415,clupea_harengus,NW-ATL,Prince Edward Island,autumn,2014,-63.96,47.04,FuentesPardo_2024,27.492737,princeedward_2,modern,no,,FuentesPardo_2024
14F4WK306,clupea_harengus,NW-ATL,Musquodoboit,autumn,2014,-63.1,44.63,FuentesPardo_2024,30.003548,musquodoboit_1,modern,no,,FuentesPardo_2024
14F4WK316,clupea_harengus,NW-ATL,Musquodoboit,autumn,2014,-63.1,44.63,FuentesPardo_2024,31.262226,musquodoboit_2,modern,no,,FuentesPardo_2024
14S3Ps233,clupea_harengus,NW-ATL,Fortune Bay,spring,2014,-55.4,47.52,FuentesPardo_2024,33.990550,fortunebay_1,modern,no,,FuentesPardo_2024
14S3Ps265,clupea_harengus,NW-ATL,Fortune Bay,spring,2014,-55.4,47.52,FuentesPardo_2024,32.942332,fortunebay_2,modern,no,,FuentesPardo_2024
15F2J602,clupea_harengus,NW-ATL,Labrador,autumn,2015,-55.5,52.25,FuentesPardo_2024,32.937088,labrador_1,modern,no,,FuentesPardo_2024
15F2J603,clupea_harengus,NW-ATL,Labrador,autumn,2015,-55.5,52.25,FuentesPardo_2024,33.680873,labrador_2,modern,no,,FuentesPardo_2024
15F2J606,clupea_harengus,NW-ATL,Labrador,autumn,2015,-55.5,52.25,FuentesPardo_2024,37.637276,labrador_3,modern,no,,FuentesPardo_2024
15F2J616,clupea_harengus,NW-ATL,Labrador,autumn,2015,-55.5,52.25,FuentesPardo_2024,33.397579,labrador_4,modern,no,,FuentesPardo_2024
15F3K601,clupea_harengus,NW-ATL,Notre Dame Bay,autumn,2015,-55.47,49.55,FuentesPardo_2024,28.579962,notredamebay_1,modern,no,,FuentesPardo_2024
15F3K602,clupea_harengus,NW-ATL,Notre Dame Bay,autumn,2015,-55.47,49.55,FuentesPardo_2024,38.359899,notredamebay_2,modern,no,,FuentesPardo_2024
15F3K609,clupea_harengus,NW-ATL,Notre Dame Bay,autumn,2015,-55.47,49.55,FuentesPardo_2024,38.011634,notredamebay_3,modern,no,,FuentesPardo_2024
15F3K621,clupea_harengus,NW-ATL,Notre Dame Bay,autumn,2015,-55.47,49.55,FuentesPardo_2024,27.253897,notredamebay_4,modern,no,,FuentesPardo_2024
15F4XRsb625,clupea_harengus,NW-ATL,Scots Bay,autumn,2015,-64.92,45.17,FuentesPardo_2024,32.570429,scotsbay_1,modern,no,,FuentesPardo_2024
15F4XRsb626,clupea_harengus,NW-ATL,Scots Bay,autumn,2015,-64.92,45.17,FuentesPardo_2024,38.682606,scotsbay_2,modern,no,,FuentesPardo_2024
15F5Y514617,clupea_harengus,NW-ATL,Gulf of Maine,autumn,2015,-70.41,42.09,FuentesPardo_2024,34.448717,gulfofmaine_1,modern,no,,FuentesPardo_2024
15F5Y514620,clupea_harengus,NW-ATL,Gulf of Maine,autumn,2015,-70.41,42.09,FuentesPardo_2024,30.465988,gulfofmaine_2,modern,no,,FuentesPardo_2024
15S3K404,clupea_harengus,NW-ATL,Notre Dame Bay,spring,2015,-55.44,49.55,FuentesPardo_2024,35.375255,notredamebay_5,modern,no,,FuentesPardo_2024
15S3K410,clupea_harengus,NW-ATL,Notre Dame Bay,spring,2015,-55.44,49.55,FuentesPardo_2024,33.875719,notredamebay_6,modern,no,,FuentesPardo_2024
15S3K430,clupea_harengus,NW-ATL,Notre Dame Bay,spring,2015,-55.44,49.55,FuentesPardo_2024,32.657897,notredamebay_7,modern,no,,FuentesPardo_2024
15S3K449,clupea_harengus,NW-ATL,Notre Dame Bay,spring,2015,-55.44,49.55,FuentesPardo_2024,30.656872,notredamebay_8,modern,no,,FuentesPardo_2024
16S4Pla78,clupea_harengus,NW-ATL,Placentia Bay,spring,2016,-53.94,47.31,FuentesPardo_2024,34.632520,placentiabay_1,modern,no,,FuentesPardo_2024
16S4Pla79,clupea_harengus,NW-ATL,Placentia Bay,spring,2016,-53.94,47.31,FuentesPardo_2024,31.078417,placentiabay_2,modern,no,,FuentesPardo_2024
16S6Pla71,clupea_harengus,NW-ATL,Placentia Bay,spring,2016,-53.94,47.31,FuentesPardo_2024,33.060691,placentiabay_3,modern,no,,FuentesPardo_2024
16S6Pla72,clupea_harengus,NW-ATL,Placentia Bay,spring,2016,-53.94,47.31,FuentesPardo_2024,34.021669,placentiabay_4,modern,no,,FuentesPardo_2024
16SBDO106,clupea_harengus,NW-ATL,Bras dOr Lake,spring,2016,-60.85,45.93,FuentesPardo_2024,41.100627,brasdorlake_1,modern,no,,FuentesPardo_2024
16SBDO107,clupea_harengus,NW-ATL,Bras dOr Lake,spring,2016,-60.85,45.93,FuentesPardo_2024,29.090541,brasdorlake_2,modern,no,,FuentesPardo_2024
AAL1,clupea_harengus,Britain_&_Ireland,Celtic Sea,winter,2015,-6.85,51.983333333333300,Han_2020,9.812491,celtic_1,modern,yes,mh,Han_2020
AAL2,clupea_harengus,Britain_&_Ireland,Celtic Sea,winter,2015,-6.85,51.983333333333300,Han_2020,11.603428,celtic_2,modern,yes,mh,Han_2020
AAL3,clupea_harengus,Britain_&_Ireland,Celtic Sea,winter,2015,-6.85,51.983333333333300,Han_2020,11.437067,celtic_3,modern,yes,mh,Han_2020
AF29,clupea_harengus,Norway,Norwegian Sea,spring,2013,4.658203,61.185625,Han_2020,13.069981,norwegian_30,modern,yes,mh,Han_2020
AF30,clupea_harengus,Norway,Norwegian Sea,spring,2013,4.658203,61.185625,Han_2020,12.018267,norwegian_31,modern,yes,mh,Han_2020
AF31,clupea_harengus,Norway,Norwegian Sea,spring,2013,4.658203,61.185625,Han_2020,12.522349,norwegian_32,modern,yes,mh,Han_2020
AF8,clupea_harengus,Norway,Norwegian Sea,spring,2013,4.658203,61.185625,Han_2020,10.854360,norwegian_33,modern,yes,mh,Han_2020
AK1,clupea_harengus,Britain_&_Ireland,Downs,winter,2016,2.5,51.56666666666670,Han_2020,10.443491,downs_1,modern,yes,mh,Han_2020
AK2,clupea_harengus,Britain_&_Ireland,Downs,winter,2016,2.5,51.56666666666670,Han_2020,12.499486,downs_2,modern,yes,mh,Han_2020
AK3,clupea_harengus,Britain_&_Ireland,Downs,winter,2016,2.5,51.56666666666670,Han_2020,11.027367,downs_3,modern,yes,mh,Han_2020
AM27,clupea_harengus,Norway,Norwegian Sea,spring,1980,10.25,64.866667,Han_2020,13.962859,norwegian_34,modern,yes,mh,Han_2020
AM29,clupea_harengus,Norway,Norwegian Sea,spring,1980,10.25,64.866667,Han_2020,11.612317,norwegian_35,modern,yes,mh,Han_2020
AM33,clupea_harengus,Norway,Norwegian Sea,spring,1980,10.25,64.866667,Han_2020,11.091704,norwegian_36,modern,yes,mh,Han_2020
AM8,clupea_harengus,Norway,Norwegian Sea,spring,1980,10.25,64.866667,Han_2020,11.323575,norwegian_37,modern,yes,mh,Han_2020
BAH1,clupea_harengus,Bothnia,Gävle,autumn,2014,17.5833333333333,60.733333333333300,Lamichhaney_2017,0.136885,gavle_1,modern,no,,Lamichhaney_2017
BAH2,clupea_harengus,Bothnia,Gävle,autumn,2014,17.5833333333333,60.733333333333300,Lamichhaney_2017,0.017200,gavle_2,modern,no,,Lamichhaney_2017
BAH3,clupea_harengus,Bothnia,Gävle,autumn,2014,17.5833333333333,60.733333333333300,Lamichhaney_2017,0.027941,gavle_3,modern,no,,Lamichhaney_2017
BF1,clupea_harengus,Belt,Fehmarn,autumn,2014,11.5,54.833333333333300,Lamichhaney_2017,0.368094,fehmarn_1,modern,no,,Lamichhaney_2017
BF16,clupea_harengus,Bothnia,HastKar,spring,2013,17.739702,60.532414,Han_2020,10.943720,hastkar_1,modern,yes,mh,Han_2020
BF18,clupea_harengus,Bothnia,HastKar,spring,2013,17.739702,60.532414,Han_2020,14.579120,hastkar_2,modern,yes,mh,Han_2020
BF19,clupea_harengus,Bothnia,HastKar,spring,2013,17.739702,60.532414,Han_2020,12.341225,hastkar_3,modern,yes,mh,Han_2020
BF2,clupea_harengus,Belt,Fehmarn,autumn,2014,11.5,54.833333333333300,Lamichhaney_2017,0.243204,fehmarn_2,modern,no,,Lamichhaney_2017
BF21,clupea_harengus,Bothnia,HastKar,spring,2013,17.739702,60.532414,Han_2020,11.943595,hastkar_4,modern,yes,mh,Han_2020
BF3,clupea_harengus,Belt,Fehmarn,autumn,2014,11.5,54.833333333333300,Lamichhaney_2017,0.214995,fehmarn_3,modern,no,,Lamichhaney_2017
BM14,clupea_harengus,Bothnia,HastKar,spring,2013,17.739702,60.532414,Han_2020,10.994397,hastkar_5,modern,yes,mh,Han_2020
BM15,clupea_harengus,Bothnia,HastKar,spring,2013,17.739702,60.532414,Han_2020,13.088704,hastkar_6,modern,yes,mh,Han_2020
BM16,clupea_harengus,Bothnia,HastKar,spring,2013,17.739702,60.532414,Han_2020,12.207955,hastkar_7,modern,yes,mh,Han_2020
BM19,clupea_harengus,Bothnia,HastKar,spring,2013,17.739702,60.532414,Han_2020,11.347786,hastkar_8,modern,yes,mh,Han_2020
BoBA,clupea_harengus,NW-ATL,Canada (Bonavista Bay),autumn,2014,-53.333333333333300,48.81666666666670,Lamichhaney_2017,0.294116,bonavistabay_1,modern,no,,Lamichhaney_2017
BoBB,clupea_harengus,NW-ATL,Canada (Bonavista Bay),autumn,2014,-53.333333333333300,48.81666666666670,Lamichhaney_2017,0.357556,bonavistabay_2,modern,no,,Lamichhaney_2017
FBA,clupea_harengus,NW-ATL,Canada (Fortune Bay),spring,2014,-55.63333333333330,47.28333333333330,Lamichhaney_2017,0.284379,fortunebay_3,modern,no,,Lamichhaney_2017
FBB,clupea_harengus,NW-ATL,Canada (Fortune Bay),spring,2014,-55.63333333333330,47.28333333333330,Lamichhaney_2017,0.284379,fortunebay_4,modern,no,,Lamichhaney_2017
Fehmarn3,clupea_harengus,Belt,Fehmarn,autumn,1979,11.5,54.833333333333300,Han_2020,24.435100,fehmarn_4,modern,yes,mh,Han_2020
Fehmarn44,clupea_harengus,Belt,Fehmarn,autumn,1979,11.5,54.833333333333300,Han_2020,27.920339,fehmarn_5,modern,yes,mh,Han_2020
Fehmarn6,clupea_harengus,Belt,Fehmarn,autumn,1979,11.5,54.833333333333300,Han_2020,28.588609,fehmarn_6,modern,yes,mh,Han_2020
Gavle100,clupea_harengus,Bothnia,Gävle,autumn,2012,17.58333,60.73333,Han_2020,54.238486,gavle_4,modern,yes,mh,Han_2020
Gavle54,clupea_harengus,Bothnia,Gävle,autumn,2012,17.58333,60.73333,Han_2020,26.176951,gavle_5,modern,yes,mh,Han_2020
Gavle98,clupea_harengus,Bothnia,Gävle,autumn,2012,17.58333,60.73333,Han_2020,44.518503,gavle_6,modern,yes,mh,Han_2020
GeBA,clupea_harengus,NW-ATL,Canada (German Banks),autumn,2014,-66.3,43.266666666666700,Lamichhaney_2017,0.413111,germanbanks_1,modern,no,,Lamichhaney_2017
GeBB,clupea_harengus,NW-ATL,Canada (German Banks),autumn,2014,-66.3,43.266666666666700,Lamichhaney_2017,0.299033,germanbanks_2,modern,no,,Lamichhaney_2017
HER001,clupea_harengus,South_Baltic,Giecz,autumn,1000,17.37098,52.31987,Atmore_2022,0.360064,giecz_1,historical,no,ah,Atmore_2022
HER002,clupea_harengus,South_Baltic,Giecz,autumn,1000,17.37098,52.31987,Atmore_2022,3.771173,giecz_2,historical,no,ah,Atmore_2022
HER003,clupea_harengus,South_Baltic,Giecz,autumn,1000,17.37098,52.31987,Atmore_2022,0.671968,giecz_3,historical,no,ah,Atmore_2022
HER004,clupea_harengus,South_Baltic,Giecz,autumn,1000,17.37098,52.31987,Atmore_2022,0.801839,giecz_4,historical,no,ah,Atmore_2022
HER005,clupea_harengus,South_Baltic,Giecz,autumn,1000,17.37098,52.31987,Atmore_2022,2.109448,giecz_5,historical,no,ah,Atmore_2022
HER006,clupea_harengus,South_Baltic,Mala Nieszawka,autumn,1400,18.53935,52.99027,Atmore_2022,0.438109,malanieszawka_1,historical,no,ah,Atmore_2022
HER007,clupea_harengus,South_Baltic,Mala Nieszawka,autumn,1400,18.53935,52.99027,Atmore_2022,1.786001,malanieszawka_2,historical,no,ah,Atmore_2022
HER008,clupea_harengus,South_Baltic,Mala Nieszawka,autumn,1400,18.53935,52.99027,Atmore_2022,0.490429,malanieszawka_3,historical,no,ah,Atmore_2022
HER009,clupea_harengus,South_Baltic,Mala Nieszawka,autumn,1400,18.53935,52.99027,Atmore_2022,2.635084,malanieszawka_4,historical,no,ah,Atmore_2022
HER012,clupea_harengus,Switzerland,Basel,autumn/winter,1100,7.58857,47.55959,Atmore_2024,0.151574,basel_1,historical,no,ah,Atmore_2024
HER013,clupea_harengus,Switzerland,Basel,autumn/winter,1100,7.58857,47.55959,Atmore_2024,0.247077,basel_2,historical,no,ah,Atmore_2024
HER014,clupea_harengus,Switzerland,Basel,autumn/winter,1100,7.58857,47.55959,Atmore_2024,0.008573,basel_3,historical,no,,Atmore_2024
HER015,clupea_harengus,Switzerland,Basel,autumn/winter,1500,7.58857,47.55959,Atmore_2024,0.488902,basel_4,historical,no,ah,Atmore_2024
HER016,clupea_harengus,Switzerland,Basel,autumn/winter,1500,7.58857,47.55959,Atmore_2024,0.477429,basel_5,historical,no,ah,Atmore_2024
HER017,clupea_harengus,Switzerland,Basel,autumn/winter,1500,7.58857,47.55959,Atmore_2024,0.018995,basel_6,historical,no,,Atmore_2024
HER018,clupea_harengus,Switzerland,Basel,autumn/winter,1500,7.58857,47.55959,Atmore_2024,0.357267,basel_7,historical,no,ah,Atmore_2024
HER019,clupea_harengus,North_Sea,Biddinghuizen Colfschip,autumn/winter,1500,5.47386,52.52455,Atmore_2024,0.000691,netherlands_1,historical,no,,Atmore_2024
HER020,clupea_harengus,North_Sea,Biddinghuizen Colfschip,autumn/winter,1500,5.47386,52.52455,Atmore_2024,0.000711,netherlands_2,historical,no,,Atmore_2024
HER021,clupea_harengus,North_Sea,Biddinghuizen Colfschip,autumn/winter,1500,5.47386,52.52455,Atmore_2024,0.002230,netherlands_3,historical,no,,Atmore_2024
HER022,clupea_harengus,North_Sea,Biddinghuizen Colfschip,autumn/winter,1500,5.47386,52.52455,Atmore_2024,0.001059,netherlands_4,historical,no,,Atmore_2024
HER023,clupea_harengus,North_Sea,Biddinghuizen Colfschip,autumn/winter,1500,5.47386,52.52455,Atmore_2024,0.004077,netherlands_5,historical,no,,Atmore_2024
HER035,clupea_harengus,South_Baltic,Kaldus,autumn,1100,18.39955,53.32197,Atmore_2022,0.088634,kaldus_1,historical,no,,Atmore_2022
HER036,clupea_harengus,South_Baltic,Truso,autumn,850,19.48769,54.11104,Atmore_2022,0.176422,truso_1,historical,no,ah,Atmore_2022
HER037,clupea_harengus,South_Baltic,Truso,autumn,850,19.48769,54.11104,Atmore_2022,0.135972,truso_2,historical,no,ah,Atmore_2022
HER038,clupea_harengus,South_Baltic,Truso,autumn,850,19.48769,54.11104,Atmore_2022,2.510542,truso_3,historical,no,ah,Atmore_2022
HER039,clupea_harengus,South_Baltic,Truso,autumn,850,19.48769,54.11104,Atmore_2022,2.825148,truso_4,historical,no,ah,Atmore_2022
HER040,clupea_harengus,South_Baltic,Truso,autumn,850,19.48769,54.11104,Atmore_2022,0.009439,truso_5,historical,no,,Atmore_2022
HER041,clupea_harengus,South_Baltic,Truso,autumn,850,19.48769,54.11104,Atmore_2022,2.636235,truso_6,historical,no,ah,Atmore_2022
HER042,clupea_harengus,South_Baltic,Truso,autumn,850,19.48769,54.11104,Atmore_2022,2.660064,truso_7,historical,no,ah,Atmore_2022
HER043,clupea_harengus,South_Baltic,Truso,autumn,850,19.48769,54.11104,Atmore_2022,1.059020,truso_8,historical,no,ah,Atmore_2022
HER044,clupea_harengus,South_Baltic,Truso,autumn,850,19.48769,54.11104,Atmore_2022,0.012633,truso_9,historical,no,,Atmore_2022
HER045,clupea_harengus,South_Baltic,Truso,autumn,850,19.48769,54.11104,Atmore_2022,0.610068,truso_10,historical,no,ah,Atmore_2022
HER046,clupea_harengus,South_Baltic,Truso,autumn,850,19.48769,54.11104,Atmore_2022,0.457322,truso_11,historical,no,ah,Atmore_2022
HER047,clupea_harengus,South_Baltic,Kolowbrzweg Budzistowo,autumn,850,15.58678,54.1743,Atmore_2022,0.879091,budzistowo_1,historical,no,ah,Atmore_2022
HER048,clupea_harengus,South_Baltic,Kolowbrzweg Budzistowo,autumn,850,15.58678,54.1743,Atmore_2022,0.005766,budzistowo_2,historical,no,,Atmore_2022
HER050,clupea_harengus,South_Baltic,Kolowbrzweg Budzistowo,autumn,850,15.58678,54.1743,Atmore_2022,0.006082,budzistowo_3,historical,no,,Atmore_2022
HER051,clupea_harengus,South_Baltic,Kolowbrzweg Budzistowo,autumn,850,15.58678,54.1743,Atmore_2022,0.189824,budzistowo_4,historical,no,ah,Atmore_2022
HER052,clupea_harengus,South_Baltic,Kolowbrzweg Budzistowo,autumn,850,15.58678,54.1743,Atmore_2022,0.004850,budzistowo_5,historical,no,,Atmore_2022
HER054,clupea_harengus,South_Baltic,Kolowbrzweg Budzistowo,autumn,850,15.58678,54.1743,Atmore_2022,0.007688,budzistowo_6,historical,no,,Atmore_2022
HER055,clupea_harengus,South_Baltic,Kolowbrzweg Budzistowo,autumn,850,15.58678,54.1743,Atmore_2022,0.022979,budzistowo_7,historical,no,,Atmore_2022
HER056,clupea_harengus,South_Baltic,Kolowbrzweg Budzistowo,autumn,850,15.58678,54.1743,Atmore_2022,0.569305,budzistowo_8,historical,no,ah,Atmore_2022
HER057,clupea_harengus,South_Baltic,Kolowbrzweg Budzistowo,autumn,850,15.58678,54.1743,Atmore_2022,0.023611,budzistowo_9,historical,no,,Atmore_2022
HER059,clupea_harengus,Finland_Gulf,Kadriorg Wreck,autumn,1300,24.7871,59.43665,Atmore_2022,1.491634,kadriorgwreck_1,historical,no,ah,Atmore_2022
HER064,clupea_harengus,North_Sea,Biddinghuizen Colfschip,autumn/winter,1500,5.47386,52.52455,Atmore_2024,0.006270,netherlands_6,historical,no,,Atmore_2024
HER065,clupea_harengus,North_Sea,Huisinden Struys Veere,autumn/winter,1400,3.66354,51.54794,Atmore_2024,6.065631,netherlands_7,historical,yes,ah,Atmore_2024
HER067,clupea_harengus,North_Sea,Huisinden Struys Veere,autumn/winter,1400,3.66354,51.54794,Atmore_2024,1.753210,netherlands_8,historical,yes,ah,Atmore_2024
HER069,clupea_harengus,North_Sea,Huisinden Struys Veere,autumn/winter,1400,3.66354,51.54794,Atmore_2024,0.078740,netherlands_9,historical,no,,Atmore_2024
HER088,clupea_harengus,Skagerrak_&_Kattegat,Kaupang,autumn/winter,800,10.10676,59.03427,Atmore_2024,0.007315,kaupang_1,historical,no,,Atmore_2024
HER102,clupea_harengus,Britain_&_Ireland,York,autumn/winter,1100,-1.07391,53.96142,Atmore_2024,3.629399,york_1,historical,yes,ah,Atmore_2024
HER104,clupea_harengus,Britain_&_Ireland,York,autumn/winter,1100,-1.07391,53.96142,Atmore_2024,0.655914,york_2,historical,yes,ah,Atmore_2024
HER105,clupea_harengus,Britain_&_Ireland,York,autumn/winter,955,-1.07391,53.96142,Atmore_2024,0.027706,york_3,historical,no,,Atmore_2024
HER106,clupea_harengus,Britain_&_Ireland,York,autumn/winter,955,-1.07391,53.96142,Atmore_2024,1.709764,york_4,historical,yes,ah,Atmore_2024
HER109,clupea_harengus,Britain_&_Ireland,York,autumn/winter,955,-1.07391,53.96142,Atmore_2024,5.599562,york_5,historical,yes,ah,Atmore_2024
HER110,clupea_harengus,Belt,Selsø-Vestby,autumn,900,11.99675,55.74726,Atmore_2022,0.858223,selso_1,historical,no,ah,Atmore_2022
HER111,clupea_harengus,Belt,Selsø-Vestby,autumn,1000,11.99675,55.74726,Atmore_2022,0.033486,selso_2,historical,no,,Atmore_2022
HER112,clupea_harengus,Belt,Selsø-Vestby,autumn,1000,11.99675,55.74726,Atmore_2022,0.815811,selso_3,historical,no,ah,Atmore_2022
HER113,clupea_harengus,Belt,Selsø-Vestby,autumn,1000,11.99675,55.74726,Atmore_2022,0.051340,selso_4,historical,no,,Atmore_2022
HER114,clupea_harengus,Belt,Selsø-Vestby,autumn,1000,11.99675,55.74726,Atmore_2022,0.017618,selso_5,historical,no,,Atmore_2022
HER115,clupea_harengus,Belt,Selsø-Vestby,autumn,1000,11.99675,55.74726,Atmore_2022,0.016896,selso_6,historical,no,,Atmore_2022
HER116,clupea_harengus,Belt,Selsø-Vestby,autumn,1380,11.99675,55.74726,Atmore_2022,0.313997,selso_7,historical,no,ah,Atmore_2022
HER117,clupea_harengus,Belt,Selsø-Vestby,autumn,1380,11.99675,55.74726,Atmore_2022,0.036590,selso_8,historical,no,,Atmore_2022
HER118,clupea_harengus,Belt,Selsø-Vestby,autumn,1380,11.99675,55.74726,Atmore_2022,3.252341,selso_9,historical,no,ah,Atmore_2022
HER121,clupea_harengus,Britain_&_Ireland,York,autumn/winter,1300,-1.07391,53.96142,Atmore_2024,0.092312,york_6,historical,no,,Atmore_2024
HER123,clupea_harengus,Britain_&_Ireland,York,autumn/winter,1300,-1.07391,53.96142,Atmore_2024,0.045446,york_7,historical,no,,Atmore_2024
HER124,clupea_harengus,Britain_&_Ireland,York,autumn/winter,1300,-1.07391,53.96142,Atmore_2024,0.259538,york_8,historical,yes,ah,Atmore_2024
HER127,clupea_harengus,Britain_&_Ireland,York,autumn/winter,1300,-1.07391,53.96142,Atmore_2024,14.413158,york_9,historical,yes,ah,Atmore_2024
HER128,clupea_harengus,Britain_&_Ireland,Lyminge,autumn/winter,800,1.08968,51.12899,Atmore_2024,0.027791,lyminge_1,historical,no,,Atmore_2024
HER130,clupea_harengus,Britain_&_Ireland,Lyminge,autumn/winter,800,1.08968,51.12899,Atmore_2024,0.060024,lyminge_2,historical,no,,Atmore_2024
HER132,clupea_harengus,Britain_&_Ireland,Lyminge,autumn/winter,800,1.08968,51.12899,Atmore_2024,8.347729,lyminge_3,historical,yes,ah,Atmore_2024
HER133,clupea_harengus,Britain_&_Ireland,Lyminge,autumn/winter,800,1.08968,51.12899,Atmore_2024,9.478552,lyminge_4,historical,yes,ah,Atmore_2024
HER134,clupea_harengus,Britain_&_Ireland,Lyminge,autumn/winter,800,1.08968,51.12899,Atmore_2024,0.319027,lyminge_5,historical,yes,ah,Atmore_2024
HER135,clupea_harengus,Britain_&_Ireland,Lyminge,autumn/winter,800,1.08968,51.12899,Atmore_2024,19.180103,lyminge_6,historical,no,,Atmore_2024
HER136,clupea_harengus,Britain_&_Ireland,Lyminge,autumn/winter,800,1.08968,51.12899,Atmore_2024,0.025057,lyminge_7,historical,no,,Atmore_2024
Herring752,clupea_pallasii,NE-ATL,Balsfjord,NA,2011,19.28,69.27,Han_2020,6.814744,balsfjord_1,modern,no,,Han_2020
Herring753,clupea_pallasii,NE-ATL,Balsfjord,NA,2011,19.28,69.27,Han_2020,9.595601,balsfjord_2,modern,no,,Han_2020
Herring754,clupea_pallasii,NE-ATL,Balsfjord,NA,2011,19.28,69.27,Han_2020,7.211336,balsfjord_3,modern,no,,Han_2020
Herring755,clupea_pallasii,NE-ATL,Balsfjord,NA,2011,19.28,69.27,Han_2020,1.342120,balsfjord_4,modern,no,,Han_2020
Herring756,clupea_pallasii,NE-ATL,Balsfjord,NA,2011,19.28,69.27,Han_2020,2.598734,balsfjord_5,modern,no,,Han_2020
Herring757,clupea_pallasii,NE-ATL,Balsfjord,NA,2011,19.28,69.27,Han_2020,1.902919,balsfjord_6,modern,no,,Han_2020
Herring758,clupea_pallasii,NE-ATL,Balsfjord,NA,2011,19.28,69.27,Han_2020,1.050096,balsfjord_7,modern,no,,Han_2020
Herring759,clupea_pallasii,NE-ATL,Balsfjord,NA,2011,19.28,69.27,Han_2020,1.628800,balsfjord_8,modern,no,,Han_2020
Herring760,clupea_pallasii,NE-ATL,Balsfjord,NA,2011,19.28,69.27,Han_2020,1.926362,balsfjord_9,modern,no,,Han_2020
Herring761,clupea_pallasii,NE-ATL,Balsfjord,NA,2011,19.28,69.27,Han_2020,1.753992,balsfjord_10,modern,no,,Han_2020
Herring762,clupea_pallasii,NE-ATL,Balsfjord,NA,2011,19.28,69.27,Han_2020,2.604929,balsfjord_11,modern,no,,Han_2020
Herring763,clupea_pallasii,NE-ATL,Balsfjord,NA,2011,19.28,69.27,Han_2020,3.172593,balsfjord_12,modern,no,,Han_2020
Herring765,clupea_pallasii,NE-ATL,Balsfjord,NA,2011,19.28,69.27,Han_2020,2.436068,balsfjord_13,modern,no,,Han_2020
Herring766,clupea_pallasii,NE-ATL,Balsfjord,NA,2011,19.28,69.27,Han_2020,1.483047,balsfjord_14,modern,no,,Han_2020
Herring767,clupea_pallasii,NE-ATL,Balsfjord,NA,2011,19.28,69.27,Han_2020,1.016704,balsfjord_15,modern,no,,Han_2020
Herring768,clupea_pallasii,NE-ATL,Balsfjord,NA,2011,19.28,69.27,Han_2020,1.115841,balsfjord_16,modern,no,,Han_2020
Herring769,clupea_pallasii,NE-ATL,Balsfjord,NA,2011,19.28,69.27,Han_2020,1.780046,balsfjord_17,modern,no,,Han_2020
Herring770,clupea_pallasii,NE-ATL,Balsfjord,NA,2011,19.28,69.27,Han_2020,1.759150,balsfjord_18,modern,no,,Han_2020
Herring771,clupea_pallasii,NE-ATL,Balsfjord,NA,2011,19.28,69.27,Han_2020,1.636533,balsfjord_19,modern,no,,Han_2020
Herring772,clupea_pallasii,NE-ATL,Balsfjord,NA,2011,19.28,69.27,Han_2020,2.463742,balsfjord_20,modern,no,,Han_2020
Herring773,clupea_pallasii,NE-ATL,Balsfjord,NA,2011,19.28,69.27,Han_2020,1.116045,balsfjord_21,modern,no,,Han_2020
Herring774,clupea_pallasii,NE-ATL,Balsfjord,NA,2011,19.28,69.27,Han_2020,1.935665,balsfjord_22,modern,no,,Han_2020
Herring775,clupea_pallasii,NE-ATL,Balsfjord,NA,2011,19.28,69.27,Han_2020,1.649631,balsfjord_23,modern,no,,Han_2020
Herring776,clupea_pallasii,NE-ATL,Balsfjord,NA,2011,19.28,69.27,Han_2020,2.184655,balsfjord_24,modern,no,,Han_2020
Herring777,clupea_pallasii,NE-ATL,Balsfjord,NA,2011,19.28,69.27,Han_2020,1.112091,balsfjord_25,modern,no,,Han_2020
Herring778,clupea_pallasii,NE-ATL,Balsfjord,NA,2011,19.28,69.27,Han_2020,1.819397,balsfjord_26,modern,no,,Han_2020
Herring779,clupea_pallasii,NE-ATL,Balsfjord,NA,2011,19.28,69.27,Han_2020,1.734013,balsfjord_27,modern,no,,Han_2020
Herring780,clupea_pallasii,NE-ATL,Balsfjord,NA,2011,19.28,69.27,Han_2020,2.483828,balsfjord_28,modern,no,,Han_2020
Herring781,clupea_pallasii,NE-ATL,Balsfjord,NA,2011,19.28,69.27,Han_2020,0.749738,balsfjord_29,modern,no,,Han_2020
Herring782,clupea_pallasii,NE-ATL,Balsfjord,NA,2011,19.28,69.27,Han_2020,1.368179,balsfjord_30,modern,no,,Han_2020
Herring783,clupea_pallasii,NE-ATL,Balsfjord,NA,2011,19.28,69.27,Han_2020,0.439648,balsfjord_31,modern,no,,Han_2020
Herring784,clupea_pallasii,NE-ATL,Balsfjord,NA,2011,19.28,69.27,Han_2020,1.339224,balsfjord_32,modern,no,,Han_2020
Herring785,clupea_pallasii,NE-ATL,Balsfjord,NA,2011,19.28,69.27,Han_2020,1.151127,balsfjord_33,modern,no,,Han_2020
Herring786,clupea_pallasii,NE-ATL,Balsfjord,NA,2011,19.28,69.27,Han_2020,1.584303,balsfjord_34,modern,no,,Han_2020
Herring787,clupea_pallasii,NE-ATL,Balsfjord,NA,2011,19.28,69.27,Han_2020,2.192428,balsfjord_35,modern,no,,Han_2020
Herring788,clupea_pallasii,NE-ATL,Balsfjord,NA,2011,19.28,69.27,Han_2020,1.512577,balsfjord_36,modern,no,,Han_2020
Herring789,clupea_pallasii,NE-ATL,Balsfjord,NA,2011,19.28,69.27,Han_2020,1.838751,balsfjord_37,modern,no,,Han_2020
Herring790,clupea_pallasii,NE-ATL,Balsfjord,NA,2011,19.28,69.27,Han_2020,1.279255,balsfjord_38,modern,no,,Han_2020
Herring791,clupea_pallasii,NE-ATL,Balsfjord,NA,2011,19.28,69.27,Han_2020,1.234803,balsfjord_39,modern,no,,Han_2020
Herring792,clupea_pallasii,NE-ATL,Balsfjord,NA,2011,19.28,69.27,Han_2020,2.105464,balsfjord_40,modern,no,,Han_2020
Herring793,clupea_pallasii,NE-ATL,Balsfjord,NA,2011,19.28,69.27,Han_2020,1.943882,balsfjord_41,modern,no,,Han_2020
HWS11,clupea_pallasii,W-PACIFIC,Japan,NA,2005,141.94,48.4,Han_2020,24.396560,japan_1,modern,no,,Han_2020
HWS12,clupea_pallasii,W-PACIFIC,Japan,NA,2005,141.94,48.4,Han_2020,34.940292,japan_2,modern,no,,Han_2020
HWS13,clupea_pallasii,W-PACIFIC,Japan,NA,2005,141.94,48.4,Han_2020,27.140489,japan_3,modern,no,,Han_2020
HWS14,clupea_pallasii,W-PACIFIC,Japan,NA,2005,141.94,48.4,Han_2020,37.047607,japan_4,modern,no,,Han_2020
HWS21,clupea_pallasii,ARCTIC,Pechora,NA,2010,45.99,67.78,Han_2020,34.394508,pechora_1,modern,no,,Han_2020
HWS22,clupea_pallasii,ARCTIC,Pechora,NA,2010,45.99,67.78,Han_2020,37.470781,pechora_2,modern,no,,Han_2020
HWS23,clupea_pallasii,ARCTIC,Pechora,NA,2010,45.99,67.78,Han_2020,33.860046,pechora_3,modern,no,,Han_2020
HWS24,clupea_pallasii,ARCTIC,Pechora,NA,2010,45.99,67.78,Han_2020,30.269200,pechora_4,modern,no,,Han_2020
HWS31,clupea_pallasii,ARCTIC,White Sea,NA,2010,37.9,64.0,Han_2020,40.614315,whitesea_1,modern,no,,Han_2020
HWS32,clupea_pallasii,ARCTIC,White Sea,NA,2010,37.9,64.0,Han_2020,35.219434,whitesea_2,modern,no,,Han_2020
HWS33,clupea_pallasii,ARCTIC,White Sea,NA,2010,37.9,64.0,Han_2020,47.374277,whitesea_3,modern,no,,Han_2020
HWS34,clupea_pallasii,ARCTIC,White Sea,NA,2010,37.9,64.0,Han_2020,40.634326,whitesea_4,modern,no,,Han_2020
HWS41,clupea_pallasii,ARCTIC,White Sea,NA,2010,32.55,67.04,Han_2020,42.831255,whitesea_5,modern,no,,Han_2020
HWS42,clupea_pallasii,ARCTIC,White Sea,NA,2010,32.55,67.04,Han_2020,40.780972,whitesea_6,modern,no,,Han_2020
HWS43,clupea_pallasii,ARCTIC,White Sea,NA,2010,32.55,67.04,Han_2020,36.849739,whitesea_7,modern,no,,Han_2020
HWS44,clupea_pallasii,ARCTIC,White Sea,NA,2010,32.55,67.04,Han_2020,41.700229,whitesea_8,modern,no,,Han_2020
HWS51,clupea_pallasii,ARCTIC,White Sea,NA,2010,34.25,66.65,Han_2020,44.649178,whitesea_9,modern,no,,Han_2020
HWS52,clupea_pallasii,ARCTIC,White Sea,NA,2010,34.25,66.65,Han_2020,35.891435,whitesea_10,modern,no,,Han_2020
HWS53,clupea_pallasii,ARCTIC,White Sea,NA,2010,34.25,66.65,Han_2020,38.567129,whitesea_11,modern,no,,Han_2020
HWS54,clupea_pallasii,ARCTIC,White Sea,NA,2010,34.25,66.65,Han_2020,40.557094,whitesea_12,modern,no,,Han_2020
HWS61,clupea_pallasii,NE-ATL,Balsfjord,NA,2011,19.28,69.27,Han_2020,32.961172,balsfjord_42,modern,no,,Han_2020
HWS62,clupea_pallasii,NE-ATL,Balsfjord,NA,2011,19.28,69.27,Han_2020,37.243863,balsfjord_43,modern,no,,Han_2020
HWS63,clupea_pallasii,NE-ATL,Balsfjord,NA,2011,19.28,69.27,Han_2020,39.831398,balsfjord_44,modern,no,,Han_2020
HWS64,clupea_pallasii,NE-ATL,Balsfjord,NA,2011,19.28,69.27,Han_2020,38.814220,balsfjord_45,modern,no,,Han_2020
InBA,clupea_harengus,NW-ATL,Canada (Inner Baie Des Chaleurs),spring,2014,-65.85,48.0,Lamichhaney_2017,0.105637,baiedeschaleurs_1,modern,no,,Lamichhaney_2017
InBB,clupea_harengus,NW-ATL,Canada (Inner Baie Des Chaleurs),spring,2014,-65.85,48.0,Lamichhaney_2017,0.031212,baiedeschaleurs_2,modern,no,,Lamichhaney_2017
MB1,clupea_harengus,UNKNOWN,UNKNOWN,UNKNOWN,2013,UNKNOWN,UNKNOWN,MartinezBarrio_2016,8.482446,martinezbarrio_1,modern,no,,MartinezBarrio_2016
MB2,clupea_harengus,UNKNOWN,UNKNOWN,UNKNOWN,2013,UNKNOWN,UNKNOWN,MartinezBarrio_2016,8.525601,martinezbarrio_2,modern,no,,MartinezBarrio_2016
MB3,clupea_harengus,UNKNOWN,UNKNOWN,UNKNOWN,2013,UNKNOWN,UNKNOWN,MartinezBarrio_2016,11.713264,martinezbarrio_3,modern,no,,MartinezBarrio_2016
MB4,clupea_harengus,UNKNOWN,UNKNOWN,UNKNOWN,2013,UNKNOWN,UNKNOWN,MartinezBarrio_2016,6.263314,martinezbarrio_4,modern,no,,MartinezBarrio_2016
MB5,clupea_harengus,UNKNOWN,UNKNOWN,UNKNOWN,2013,UNKNOWN,UNKNOWN,MartinezBarrio_2016,3.581390,martinezbarrio_5,modern,no,,MartinezBarrio_2016
MB6,clupea_harengus,UNKNOWN,UNKNOWN,UNKNOWN,2013,UNKNOWN,UNKNOWN,MartinezBarrio_2016,5.078874,martinezbarrio_6,modern,no,,MartinezBarrio_2016
MB7,clupea_harengus,UNKNOWN,UNKNOWN,UNKNOWN,2013,UNKNOWN,UNKNOWN,MartinezBarrio_2016,4.382894,martinezbarrio_7,modern,no,,MartinezBarrio_2016
MB8,clupea_harengus,UNKNOWN,UNKNOWN,UNKNOWN,2013,UNKNOWN,UNKNOWN,MartinezBarrio_2016,4.358514,martinezbarrio_8,modern,no,,MartinezBarrio_2016
MHER001,clupea_harengus,Norway,Karmøy,spring,2002,5.20294,59.30354,Atmore_2022,12.627665,karmoy_1,modern,yes,mh,Atmore_2022
MHER002,clupea_harengus,Norway,Karmøy,spring,2002,5.20294,59.30354,Atmore_2022,6.617230,karmoy_2,modern,yes,mh,Atmore_2022
MHER003,clupea_harengus,Norway,Karmøy,spring,2002,5.20294,59.30354,Atmore_2022,10.484755,karmoy_3,modern,yes,mh,Atmore_2022
MHER005,clupea_harengus,Norway,Møre,spring,2002,7.00714,62.84068,Atmore_2022,5.763099,more_1,modern,yes,mh,Atmore_2022
MHER006,clupea_harengus,Norway,Møre,spring,2002,7.00714,62.84068,Atmore_2022,10.050708,more_2,modern,yes,mh,Atmore_2022
MHER007,clupea_harengus,Norway,Møre,spring,2002,7.00714,62.84068,Atmore_2022,14.861273,more_3,modern,yes,mh,Atmore_2022
MHER008,clupea_harengus,Norway,Møre,spring,2002,7.00714,62.84068,Atmore_2022,10.232833,more_4,modern,yes,mh,Atmore_2022
MHER009,clupea_harengus,Skagerrak_&_Kattegat,Risør,spring,2003,9.23274,58.7203,Atmore_2022,18.001206,risor_1,modern,yes,mh,Atmore_2022
MHER010,clupea_harengus,Skagerrak_&_Kattegat,Risør,spring,2003,9.23274,58.7203,Atmore_2022,13.977349,risor_2,modern,yes,mh,Atmore_2022
MHER011,clupea_harengus,Skagerrak_&_Kattegat,Risør,spring,2003,9.23274,58.7203,Atmore_2022,11.985647,risor_3,modern,yes,mh,Atmore_2022
MHER012,clupea_harengus,Skagerrak_&_Kattegat,Risør,spring,2003,9.23274,58.7203,Atmore_2022,13.061366,risor_4,modern,yes,mh,Atmore_2022
MHER013,clupea_harengus,Skagerrak_&_Kattegat,Måseskär,spring,2003,11.32181,58.09425,Atmore_2022,15.456427,maseskar_1,modern,yes,mh,Atmore_2022
MHER014,clupea_harengus,Skagerrak_&_Kattegat,Måseskär,spring,2003,11.32181,58.09425,Atmore_2022,12.537971,maseskar_2,modern,yes,mh,Atmore_2022
MHER015,clupea_harengus,Skagerrak_&_Kattegat,Måseskär,spring,2003,11.32181,58.09425,Atmore_2022,11.573926,maseskar_3,modern,yes,mh,Atmore_2022
MHER016,clupea_harengus,Bothnia,Kalix,spring,2002,23.30565,65.76593,Atmore_2022,15.346925,kalix_1,modern,yes,mh,Atmore_2022
MHER017,clupea_harengus,Bothnia,Kalix,spring,2002,23.30565,65.76593,Atmore_2022,15.286734,kalix_2,modern,yes,mh,Atmore_2022
MHER018,clupea_harengus,Bothnia,Kalix,spring,2002,23.30565,65.76593,Atmore_2022,13.421454,kalix_3,modern,yes,mh,Atmore_2022
MHER019,clupea_harengus,Baltic,Kalmarsund,spring,2010,16.33068,56.59106,Atmore_2022,10.830396,kalmarsund_1,modern,yes,mh,Atmore_2022
MHER020,clupea_harengus,Baltic,Kalmarsund,spring,2010,16.33068,56.59106,Atmore_2022,10.457843,kalmarsund_2,modern,yes,mh,Atmore_2022
MHER021,clupea_harengus,Baltic,Kalmarsund,spring,2010,16.33068,56.59106,Atmore_2022,18.586982,kalmarsund_3,modern,yes,mh,Atmore_2022
MHER022,clupea_harengus,Skagerrak_&_Kattegat,Iddefjorden,spring,2010,11.38076,59.07217,Atmore_2022,13.143901,idefjord_1,modern,yes,mh,Atmore_2022
MHER023,clupea_harengus,Skagerrak_&_Kattegat,Iddefjorden,spring,2010,11.38076,59.07217,Atmore_2022,11.342248,idefjord_2,modern,yes,mh,Atmore_2022
MHER024,clupea_harengus,Skagerrak_&_Kattegat,Iddefjorden,spring,2010,11.38076,59.07217,Atmore_2022,12.582989,idefjord_3,modern,yes,mh,Atmore_2022
MHER025,clupea_harengus,Baltic,Blekinge,spring,2010,15.33585,56.11257,Atmore_2022,17.551036,blekinge_1,modern,yes,mh,Atmore_2022
MHER026,clupea_harengus,Baltic,Blekinge,spring,2010,15.33585,56.11257,Atmore_2022,13.863332,blekinge_2,modern,yes,mh,Atmore_2022
MHER027,clupea_harengus,Baltic,Blekinge,spring,2010,15.33585,56.11257,Atmore_2022,13.700411,blekinge_3,modern,yes,mh,Atmore_2022
MHER028,clupea_harengus,Skagerrak_&_Kattegat,Iddefjorden,spring,2010,11.38076,59.07217,Atmore_2022,12.980039,idefjord_4,modern,yes,mh,Atmore_2022
MHER029,clupea_harengus,Skagerrak_&_Kattegat,Iddefjorden,spring,2010,11.38076,59.07217,Atmore_2022,11.798575,idefjord_5,modern,yes,mh,Atmore_2022
MHER030,clupea_harengus,Skagerrak_&_Kattegat,Iddefjorden,spring,2010,11.38076,59.07217,Atmore_2022,19.558117,idefjord_6,modern,yes,mh,Atmore_2022
MHER034,clupea_harengus,Skagerrak_&_Kattegat,Måseskär,spring,2003,11.32181,58.09425,Atmore_2022,16.090885,maseskar_4,modern,yes,mh,Atmore_2022
MHER035,clupea_harengus,Skagerrak_&_Kattegat,Måseskär,spring,2003,11.32181,58.09425,Atmore_2022,16.338378,maseskar_5,modern,yes,mh,Atmore_2022
MHER036,clupea_harengus,Skagerrak_&_Kattegat,Måseskär,spring,2003,11.32181,58.09425,Atmore_2022,14.315568,maseskar_6,modern,yes,mh,Atmore_2022
MHER037,clupea_harengus,Skagerrak_&_Kattegat,Måseskär,spring,2003,11.32181,58.09425,Atmore_2022,14.035028,maseskar_7,modern,yes,mh,Atmore_2022
MHER038,clupea_harengus,Skagerrak_&_Kattegat,Risør,spring,2003,9.23274,58.7203,Atmore_2022,14.040622,risor_5,modern,yes,mh,Atmore_2022
MHER039,clupea_harengus,Skagerrak_&_Kattegat,Risør,spring,2003,9.23274,58.7203,Atmore_2022,11.233011,risor_6,modern,yes,mh,Atmore_2022
MHER044,clupea_harengus,Skagerrak_&_Kattegat,Iddefjorden,spring,2010,11.38076,59.07217,Atmore_2022,17.963588,idefjord_7,modern,yes,mh,Atmore_2022
MHER045,clupea_harengus,Skagerrak_&_Kattegat,Iddefjorden,spring,2010,11.38076,59.07217,Atmore_2022,14.185182,idefjord_8,modern,yes,mh,Atmore_2022
MHER046,clupea_harengus,Skagerrak_&_Kattegat,Iddefjorden,spring,2010,11.38076,59.07217,Atmore_2022,18.085933,idefjord_9,modern,yes,mh,Atmore_2022
MHER052,clupea_harengus,Baltic,Kalmarsund,spring,2010,16.33068,56.59106,Atmore_2022,14.866189,kalmarsund_4,modern,yes,mh,Atmore_2022
MHER053,clupea_harengus,Norway,Karmøy,spring,2002,5.20294,59.30354,Atmore_2022,13.046422,karmoy_4,modern,yes,mh,Atmore_2022
MHER054,clupea_harengus,Bothnia,Kalix,spring,2002,23.30565,65.76593,Atmore_2022,16.494953,kalix_4,modern,yes,mh,Atmore_2022
MHER055,clupea_harengus,Bothnia,Kalix,spring,2002,23.30565,65.76593,Atmore_2022,15.857486,kalix_5,modern,yes,mh,Atmore_2022
MHER056,clupea_harengus,Bothnia,Kalix,spring,2002,23.30565,65.76593,Atmore_2022,15.485583,kalix_6,modern,yes,mh,Atmore_2022
MHER057,clupea_harengus,Baltic,Blekinge,spring,2010,15.33585,56.11257,Atmore_2022,12.692839,blekinge_4,modern,yes,mh,Atmore_2022
MHER058,clupea_harengus,Baltic,Blekinge,spring,2010,15.33585,56.11257,Atmore_2022,20.206811,blekinge_5,modern,yes,mh,Atmore_2022
MHER059,clupea_harengus,Baltic,Blekinge,spring,2010,15.33585,56.11257,Atmore_2022,11.194399,blekinge_6,modern,yes,mh,Atmore_2022
MHER061,clupea_harengus,Skagerrak_&_Kattegat,Iddefjorden,spring,2010,11.38076,59.07217,Atmore_2022,17.481650,idefjord_10,modern,yes,mh,Atmore_2022
MHER062,clupea_harengus,Skagerrak_&_Kattegat,Iddefjorden,spring,2010,11.38076,59.07217,Atmore_2022,12.482574,idefjord_11,modern,yes,mh,Atmore_2022
MHER063,clupea_harengus,Skagerrak_&_Kattegat,Iddefjorden,spring,2010,11.38076,59.07217,Atmore_2022,8.841986,idefjord_12,modern,yes,mh,Atmore_2022
MHER064,clupea_harengus,Skagerrak_&_Kattegat,Iddefjorden,spring,2010,11.38076,59.07217,Atmore_2022,8.000052,idefjord_13,modern,yes,mh,Atmore_2022
MHER065,clupea_harengus,Skagerrak_&_Kattegat,Risør,spring,2003,9.23274,58.7203,Atmore_2022,13.881659,risor_7,modern,yes,mh,Atmore_2022
MHER066,clupea_harengus,Skagerrak_&_Kattegat,Risør,spring,2003,9.23274,58.7203,Atmore_2022,10.863893,risor_8,modern,yes,mh,Atmore_2022
ND001,clupea_harengus,Skagerrak_&_Kattegat,Gullholmen,UNKNOWN,1750,11.40086,58.18524,current,0.959309,gullholmen_1,sillperioder,yes,17sp,Bohuslansmuseum
ND006,clupea_harengus,Skagerrak_&_Kattegat,Gullholmen,UNKNOWN,1750,11.40086,58.18524,current,0.540317,gullholmen_2,sillperioder,yes,17sp,Bohuslansmuseum
ND009,clupea_harengus,Skagerrak_&_Kattegat,Gullholmen,UNKNOWN,1750,11.40086,58.18524,current,0.068978,gullholmen_3,sillperioder,yes,17sp,Bohuslansmuseum
ND010,clupea_harengus,Skagerrak_&_Kattegat,Gullholmen,UNKNOWN,1750,11.40086,58.18524,current,0.123629,gullholmen_4,sillperioder,yes,17sp,Bohuslansmuseum
ND011,clupea_harengus,Skagerrak_&_Kattegat,Gullholmen,UNKNOWN,1750,11.40086,58.18524,current,1.142912,gullholmen_5,sillperioder,yes,17sp,Bohuslansmuseum
ND021,clupea_harengus,Skagerrak_&_Kattegat,Kalvsund,UNKNOWN,1880,11.68775,57.70265,current,1.992007,kalvsund_1,sillperioder,yes,18sp,Göteborg naturhistoriska
ND022,clupea_harengus,Skagerrak_&_Kattegat,Koster,UNKNOWN,1881,11.02689,58.90114,current,3.369805,koster_1,sillperioder,yes,18sp,Göteborg naturhistoriska
ND023,clupea_harengus,Skagerrak_&_Kattegat,Koster,UNKNOWN,1897,11.02689,58.90114,current,0.939438,koster_2,sillperioder,yes,18sp,Göteborg naturhistoriska
ND024,clupea_harengus,Skagerrak_&_Kattegat,Koster,UNKNOWN,1897,11.02689,58.90114,current,0.734637,koster_3,sillperioder,yes,18sp,Göteborg naturhistoriska
ND026,clupea_harengus,Skagerrak_&_Kattegat,Koster,UNKNOWN,1898,11.02689,58.90114,current,1.101474,koster_4,sillperioder,yes,18sp,Göteborg naturhistoriska
ND028,clupea_harengus,Britain_&_Ireland,Scotland,UNKNOWN,1900,-4.29295,56.61952,current,0.856157,scotland_1,sillperioder,yes,18sp,Göteborg naturhistoriska
ND029,clupea_harengus,Britain_&_Ireland,Scotland,UNKNOWN,1900,-4.29295,56.61952,current,1.541142,scotland_2,sillperioder,yes,18sp,Göteborg naturhistoriska
ND030,clupea_harengus,Norway,Haugesund,UNKNOWN,1900,5.246043,59.4257685,current,2.072631,haugesund_1,sillperioder,yes,18sp,Göteborg naturhistoriska
ND031,clupea_harengus,Norway,Haugesund,UNKNOWN,1900,5.246043,59.4257685,current,1.745016,haugesund_2,sillperioder,yes,18sp,Göteborg naturhistoriska
ND032,clupea_harengus,Baltic,Karlskrona,UNKNOWN,1900,15.5978048,56.155779,current,0.963295,karlskrona_1,sillperioder,no,18sp,Göteborg naturhistoriska
ND034,clupea_harengus,Skagerrak_&_Kattegat,Kalvsund,UNKNOWN,1880,11.68775,57.70265,current,0.530115,kalvsund_2,sillperioder,yes,18sp,Göteborg naturhistoriska
ND036,clupea_harengus,Skagerrak_&_Kattegat,Kalvsund,UNKNOWN,1881,11.68775,57.70265,current,2.071453,kalvsund_3,sillperioder,yes,18sp,Göteborg naturhistoriska
ND038,clupea_harengus,Britain_&_Ireland,Scotland,UNKNOWN,1900,-4.29295,56.61952,current,0.457250,scotland_3,sillperioder,yes,18sp,Göteborg naturhistoriska
ND039,clupea_harengus,Britain_&_Ireland,Scotland,UNKNOWN,1900,-4.29295,56.61952,current,1.208249,scotland_4,sillperioder,yes,18sp,Göteborg naturhistoriska
ND040,clupea_harengus,Norway,Haugesund,UNKNOWN,1900,5.246043,59.4257685,current,0.802547,haugesund_3,sillperioder,yes,18sp,Göteborg naturhistoriska
ND141,clupea_harengus,Britain_&_Ireland,Firth of Forth,UNKNOWN,1848,-3.2609567,56.0377475,current,NA,NA,NA,no,,BNHM
ND142,clupea_harengus,Britain_&_Ireland,Firth of Forth,UNKNOWN,1848,-3.2609567,56.0377475,current,1.697049,scotland_5,historical,yes,18rh,BNHM
ND143,clupea_harengus,Britain_&_Ireland,Firth of Forth,UNKNOWN,1848,-3.2609567,56.0377475,current,NA,NA,NA,no,,BNHM
ND144,clupea_harengus,Britain_&_Ireland,Firth of Forth,UNKNOWN,1848,-3.2609567,56.0377475,current,NA,NA,NA,no,,BNHM
ND145,clupea_harengus,Britain_&_Ireland,Firth of Forth,UNKNOWN,1848,-3.2609567,56.0377475,current,NA,NA,NA,no,,BNHM
ND146,clupea_harengus,Britain_&_Ireland,Firth of Forth,UNKNOWN,1848,-3.2609567,56.0377475,current,NA,NA,NA,no,,BNHM
ND147,clupea_harengus,Britain_&_Ireland,Firth of Forth,UNKNOWN,1848,-3.2609567,56.0377475,current,NA,NA,NA,no,,BNHM
ND148,clupea_harengus,Britain_&_Ireland,Firth of Forth,UNKNOWN,1848,-3.2609567,56.0377475,current,NA,NA,NA,no,,BNHM
ND149,clupea_harengus,Britain_&_Ireland,Firth of Forth,UNKNOWN,1848,-3.2609567,56.0377475,current,NA,NA,NA,no,,BNHM
ND150,clupea_harengus,Britain_&_Ireland,Firth of Forth,UNKNOWN,1848,-3.2609567,56.0377475,current,NA,NA,NA,no,,BNHM
ND151,clupea_harengus,Britain_&_Ireland,Firth of Forth,UNKNOWN,1848,-3.2609567,56.0377475,current,NA,NA,NA,no,,BNHM
ND152,clupea_harengus,Britain_&_Ireland,Firth of Forth,UNKNOWN,1848,-3.2609567,56.0377475,current,NA,NA,NA,no,,BNHM
ND153,clupea_harengus,Britain_&_Ireland,Firth of Forth,UNKNOWN,1848,-3.2609567,56.0377475,current,NA,NA,NA,no,,BNHM
ND154,clupea_harengus,Britain_&_Ireland,Firth of Forth,UNKNOWN,1848,-3.2609567,56.0377475,current,NA,NA,NA,no,,BNHM
ND155,clupea_harengus,Britain_&_Ireland,Firth of Forth,UNKNOWN,1848,-3.2609567,56.0377475,current,NA,NA,NA,no,,BNHM
ND156,clupea_harengus,Britain_&_Ireland,Firth of Forth,UNKNOWN,1848,-3.2609567,56.0377475,current,NA,NA,NA,no,,BNHM
ND157,clupea_harengus,Britain_&_Ireland,Millport Bay,UNKNOWN,1890,-4.9254889,55.7449326,current,77.791860,scotland_6,sillperioder,yes,18sp,BNHM
ND158,clupea_harengus,Britain_&_Ireland,Campbelltown,UNKNOWN,1890,-5.605374,55.424117,current,16.491886,scotland_7,sillperioder,yes,18sp,BNHM
ND159,clupea_harengus,Britain_&_Ireland,East Coast,UNKNOWN,1902,NA,NA,current,NA,NA,NA,no,,BNHM
ND160,clupea_harengus,Norway,Røvær,UNKNOWN,1881,5.108007,59.4392627,current,NA,NA,NA,no,,Bergen
ND161,clupea_harengus,Norway,Røvær,UNKNOWN,1881,5.108007,59.4392627,current,0.946490,rovaer_1,sillperioder,yes,18sp,Bergen
ND162,clupea_harengus,Norway,Røvær,UNKNOWN,1881,5.108007,59.4392627,current,NA,NA,NA,no,,Bergen
ND163,clupea_harengus,Norway,Bergen,UNKNOWN,UNKNOWN,5.1050624,60.4102617,current,0.893474,bergen_1,historical,yes,18rh,Bergen
ND164,clupea_harengus,Norway,Bergen,UNKNOWN,UNKNOWN,5.1050624,60.4102617,current,0.419199,bergen_2,historical,yes,18rh,Bergen
ND165,clupea_harengus,Norway,Bergen,UNKNOWN,UNKNOWN,5.1050624,60.4102617,current,12.235670,bergen_3,historical,yes,18rh,Bergen
ND166,clupea_harengus,Norway,Bergen,UNKNOWN,UNKNOWN,5.1050624,60.4102617,current,3.399876,bergen_4,historical,yes,18rh,Bergen
ND167,clupea_harengus,Norway,Bergen,UNKNOWN,UNKNOWN,5.1050624,60.4102617,current,2.399473,bergen_5,historical,yes,18rh,Bergen
ND168,clupea_harengus,Norway,Norway,UNKNOWN,UNKNOWN,8.06712,60.33619,current,5.224083,unknown_1,historical,yes,18rh,Bergen
ND169,clupea_harengus,Norway,Norway,UNKNOWN,1870,8.06712,60.33619,current,53.309487,unknown_2,historical,yes,18rh,Bergen
ND170,clupea_harengus,Norway,Norway,UNKNOWN,1870,8.06712,60.33619,current,4.988438,unknown_3,historical,yes,18rh,Bergen
ND171,clupea_harengus,Norway,Norway,UNKNOWN,1870,8.06712,60.33619,current,10.768187,unknown_4,historical,yes,18rh,Bergen
ND172,clupea_harengus,Skagerrak_&_Kattegat,Søndre Distrikt,UNKNOWN,1880,10.7493987,59.8368146,current,NA,NA,NA,no,,Bergen
ND173,clupea_harengus,Skagerrak_&_Kattegat,Søndre Distrikt,UNKNOWN,1880,10.7493987,59.8368146,current,NA,NA,NA,no,,Bergen
ND175,clupea_harengus,Skagerrak_&_Kattegat,Søndre Distrikt,UNKNOWN,1880,10.7493987,59.8368146,current,NA,NA,NA,no,,Bergen
ND176,clupea_harengus,Skagerrak_&_Kattegat,Søndre Distrikt,UNKNOWN,1880,10.7493987,59.8368146,current,NA,NA,NA,no,,Bergen
ND177,clupea_harengus,Skagerrak_&_Kattegat,Søndre Distrikt,UNKNOWN,1880,10.7493987,59.8368146,current,NA,NA,NA,no,,Bergen
ND178,clupea_harengus,Norway,Stavanger,UNKNOWN,1880,5.5573408,59.0011071,current,3.125150,stavanger_1,sillperioder,yes,18sp,NRM
ND179,clupea_harengus,Norway,Stavanger,UNKNOWN,1880,5.5573408,59.0011071,current,NA,NA,NA,no,,NRM
ND180,clupea_harengus,Norway,Stavanger,UNKNOWN,1880,5.5573408,59.0011071,current,3.850708,stavanger_2,sillperioder,yes,18sp,NRM
ND181,clupea_harengus,Norway,Stavanger,UNKNOWN,1880,5.5573408,59.0011071,current,NA,NA,NA,no,,NRM
ND182,clupea_harengus,Norway,Stavanger,UNKNOWN,1880,5.5573408,59.0011071,current,2.319303,stavanger_3,sillperioder,yes,18sp,NRM
ND183,clupea_harengus,Norway,Stavanger,UNKNOWN,1880,5.5573408,59.0011071,current,4.694493,stavanger_4,sillperioder,yes,18sp,NRM
ND184,clupea_harengus,Norway,Stavanger,UNKNOWN,1880,5.5573408,59.0011071,current,1.659477,stavanger_5,sillperioder,yes,18sp,NRM
ND185,clupea_harengus,Norway,Stavanger,UNKNOWN,1880,5.5573408,59.0011071,current,NA,NA,NA,no,,NRM
ND186,clupea_harengus,Norway,Stavanger,UNKNOWN,1880,5.5573408,59.0011071,current,NA,NA,NA,no,,NRM
ND187,clupea_harengus,Norway,Stavanger,UNKNOWN,1880,5.5573408,59.0011071,current,2.069171,stavanger_6,sillperioder,yes,18sp,NRM
ND188,clupea_harengus,Norway,Stavanger,UNKNOWN,1880,5.5573408,59.0011071,current,1.521517,stavanger_7,sillperioder,yes,18sp,NRM
ND189,clupea_harengus,Norway,Stavanger,UNKNOWN,1880,5.5573408,59.0011071,current,NA,NA,NA,no,,NRM
ND190,clupea_harengus,Norway,Stavanger,UNKNOWN,1880,5.5573408,59.0011071,current,NA,NA,NA,no,,NRM
ND191,clupea_harengus,Norway,Stavanger,UNKNOWN,1880,5.5573408,59.0011071,current,NA,NA,NA,no,,NRM
ND192,clupea_harengus,Norway,Stavanger,UNKNOWN,1880,5.5573408,59.0011071,current,NA,NA,NA,no,,NRM
ND193,clupea_harengus,Norway,Stavanger,UNKNOWN,1880,5.5573408,59.0011071,current,NA,NA,NA,no,,NRM
ND194,clupea_harengus,Skagerrak_&_Kattegat,Dynekilen,UNKNOWN,1874,11.2220227,59.0076925,current,NA,NA,NA,no,,NRM
ND195,clupea_harengus,Skagerrak_&_Kattegat,Dynekilen,UNKNOWN,1874,11.2220227,59.0076925,current,13.210142,dynekilen_1,historical,yes,18rh,NRM
ND196,clupea_harengus,Skagerrak_&_Kattegat,Dynekilen,UNKNOWN,1874,11.2220227,59.0076925,current,6.774398,dynekilen_2,historical,yes,18rh,NRM
ND197,clupea_harengus,Skagerrak_&_Kattegat,Dynekilen,UNKNOWN,1874,11.2220227,59.0076925,current,7.155955,dynekilen_3,historical,yes,18rh,NRM
ND198,clupea_harengus,Skagerrak_&_Kattegat,Dynekilen,UNKNOWN,1874,11.2220227,59.0076925,current,13.315105,dynekilen_4,historical,yes,18rh,NRM
ND199,clupea_harengus,Skagerrak_&_Kattegat,Dynekilen,UNKNOWN,1874,11.2220227,59.0076925,current,2.833391,dynekilen_5,historical,yes,18rh,NRM
ND200,clupea_harengus,Skagerrak_&_Kattegat,Dynekilen,UNKNOWN,1874,11.2220227,59.0076925,current,3.818207,dynekilen_6,historical,yes,18rh,NRM
ND201,clupea_harengus,Skagerrak_&_Kattegat,Dynekilen,UNKNOWN,1874,11.2220227,59.0076925,current,3.016867,dynekilen_7,historical,yes,18rh,NRM
ND202,clupea_harengus,Skagerrak_&_Kattegat,Dynekilen,UNKNOWN,1874,11.2220227,59.0076925,current,4.868981,dynekilen_8,historical,yes,18rh,NRM
ND203,clupea_harengus,Skagerrak_&_Kattegat,Dynekilen,UNKNOWN,1874,11.2220227,59.0076925,current,3.095841,dynekilen_9,historical,yes,18rh,NRM
ND204,clupea_harengus,Skagerrak_&_Kattegat,Dynekilen,UNKNOWN,1874,11.2220227,59.0076925,current,3.105283,dynekilen_10,historical,yes,18rh,NRM
ND205,clupea_harengus,Skagerrak_&_Kattegat,Dynekilen,UNKNOWN,1874,11.2220227,59.0076925,current,5.159346,dynekilen_11,historical,yes,18rh,NRM
ND206,clupea_harengus,Skagerrak_&_Kattegat,Dynekilen,UNKNOWN,1874,11.2220227,59.0076925,current,2.764908,dynekilen_12,historical,yes,18rh,NRM
ND207,clupea_harengus,Baltic,Skägga Island,UNKNOWN,1881,18.433333,59.416667,current,NA,NA,NA,no,,NRM
ND208,clupea_harengus,Baltic,Skägga Island,UNKNOWN,1881,18.433333,59.416667,current,NA,NA,NA,no,,NRM
ND209,clupea_harengus,Baltic,Skägga Island,UNKNOWN,1881,18.433333,59.416667,current,NA,NA,NA,no,,NRM
ND210,clupea_harengus,Baltic,Skägga Island,UNKNOWN,1881,18.433333,59.416667,current,NA,NA,NA,no,,NRM
ND211,clupea_harengus,Baltic,Skägga Island,UNKNOWN,1881,18.433333,59.416667,current,NA,NA,NA,no,,NRM
ND212,clupea_harengus,Baltic,Skägga Island,UNKNOWN,1881,18.433333,59.416667,current,NA,NA,NA,no,,NRM
ND213,clupea_harengus,Baltic,Skägga Island,UNKNOWN,1881,18.433333,59.416667,current,NA,NA,NA,no,,NRM
ND214,clupea_harengus,Baltic,Skägga Island,UNKNOWN,1881,18.433333,59.416667,current,NA,NA,NA,no,,NRM
ND215,clupea_harengus,Baltic,Skägga Island,UNKNOWN,1881,18.433333,59.416667,current,NA,NA,NA,no,,NRM
ND216,clupea_harengus,Baltic,Skägga Island,UNKNOWN,1881,18.433333,59.416667,current,NA,NA,NA,no,,NRM
ND217,clupea_harengus,Baltic,Skägga Island,UNKNOWN,1881,18.433333,59.416667,current,NA,NA,NA,no,,NRM
ND218,clupea_harengus,Baltic,Skägga Island,UNKNOWN,1881,18.433333,59.416667,current,NA,NA,NA,no,,NRM
ND219,clupea_harengus,Belt,Mölle,UNKNOWN,1882,12.5021241,56.2821904,current,NA,NA,NA,no,,NRM
ND220,clupea_harengus,Belt,Mölle,UNKNOWN,1882,12.5021241,56.2821904,current,NA,NA,NA,no,,NRM
ND221,clupea_harengus,Belt,Mölle,UNKNOWN,1882,12.5021241,56.2821904,current,NA,NA,NA,no,,NRM
ND222,clupea_harengus,Belt,Mölle,UNKNOWN,1882,12.5021241,56.2821904,current,NA,NA,NA,no,,NRM
ND223,clupea_harengus,Belt,Mölle,UNKNOWN,1882,12.5021241,56.2821904,current,NA,NA,NA,no,,NRM
ND224,clupea_harengus,Belt,Mölle,UNKNOWN,1882,12.5021241,56.2821904,current,NA,NA,NA,no,,NRM
ND225,clupea_harengus,Belt,Mölle,UNKNOWN,1882,12.5021241,56.2821904,current,NA,NA,NA,no,,NRM
ND226,clupea_harengus,Belt,Mölle,UNKNOWN,1882,12.5021241,56.2821904,current,NA,NA,NA,no,,NRM
ND227,clupea_harengus,Belt,Mölle,UNKNOWN,1882,12.5021241,56.2821904,current,NA,NA,NA,no,,NRM
ND228,clupea_harengus,Belt,Mölle,UNKNOWN,1882,12.5021241,56.2821904,current,NA,NA,NA,no,,NRM
ND229,clupea_harengus,Belt,Malmö Flintrännan,UNKNOWN,1880,12.8143658,55.5667338,current,NA,NA,NA,no,,NRM
ND230,clupea_harengus,Belt,Malmö Flintrännan,UNKNOWN,1880,12.8143658,55.5667338,current,NA,NA,NA,no,,NRM
ND231,clupea_harengus,Belt,Malmö Flintrännan,UNKNOWN,1880,12.8143658,55.5667338,current,NA,NA,NA,no,,NRM
ND232,clupea_harengus,Belt,Malmö Flintrännan,UNKNOWN,1880,12.8143658,55.5667338,current,NA,NA,NA,no,,NRM
ND233,clupea_harengus,Belt,Malmö Flintrännan,UNKNOWN,1880,12.8143658,55.5667338,current,NA,NA,NA,no,,NRM
ND234,clupea_harengus,Belt,Malmö Flintrännan,UNKNOWN,1880,12.8143658,55.5667338,current,NA,NA,NA,no,,NRM
ND235,clupea_harengus,Belt,Malmö Flintrännan,UNKNOWN,1880,12.8143658,55.5667338,current,NA,NA,NA,no,,NRM
ND236,clupea_harengus,Belt,Malmö Flintrännan,UNKNOWN,1880,12.8143658,55.5667338,current,NA,NA,NA,no,,NRM
ND237,clupea_harengus,Belt,Malmö Flintrännan,UNKNOWN,1880,12.8143658,55.5667338,current,NA,NA,NA,no,,NRM
ND238,clupea_harengus,Belt,Malmö Flintrännan,UNKNOWN,1880,12.8143658,55.5667338,current,NA,NA,NA,no,,NRM
ND239,clupea_harengus,South_Baltic,Ystad,UNKNOWN,1883,13.8200308,55.4295051,current,NA,NA,NA,no,,NRM
ND240,clupea_harengus,South_Baltic,Ystad,UNKNOWN,1883,13.8200308,55.4295051,current,NA,NA,NA,no,,NRM
ND241,clupea_harengus,South_Baltic,Ystad,UNKNOWN,1883,13.8200308,55.4295051,current,NA,NA,NA,no,,NRM
ND242,clupea_harengus,South_Baltic,Ystad,UNKNOWN,1883,13.8200308,55.4295051,current,NA,NA,NA,no,,NRM
ND243,clupea_harengus,South_Baltic,Ystad,UNKNOWN,1883,13.8200308,55.4295051,current,NA,NA,NA,no,,NRM
ND244,clupea_harengus,South_Baltic,Ystad,UNKNOWN,1883,13.8200308,55.4295051,current,NA,NA,NA,no,,NRM
ND245,clupea_harengus,South_Baltic,Ystad,UNKNOWN,1883,13.8200308,55.4295051,current,NA,NA,NA,no,,NRM
ND246,clupea_harengus,South_Baltic,Ystad,UNKNOWN,1883,13.8200308,55.4295051,current,NA,NA,NA,no,,NRM
ND247,clupea_harengus,South_Baltic,Ystad,UNKNOWN,1883,13.8200308,55.4295051,current,NA,NA,NA,no,,NRM
ND248,clupea_harengus,South_Baltic,Ystad,UNKNOWN,1883,13.8200308,55.4295051,current,NA,NA,NA,no,,NRM
ND249,clupea_harengus,Baltic,Simrishamn,UNKNOWN,1883,14.3681907,55.5647742,current,NA,NA,NA,no,,NRM
ND250,clupea_harengus,Baltic,Simrishamn,UNKNOWN,1883,14.3681907,55.5647742,current,NA,NA,NA,no,,NRM
ND251,clupea_harengus,Baltic,Simrishamn,UNKNOWN,1883,14.3681907,55.5647742,current,NA,NA,NA,no,,NRM
ND252,clupea_harengus,Baltic,Simrishamn,UNKNOWN,1883,14.3681907,55.5647742,current,NA,NA,NA,no,,NRM
ND253,clupea_harengus,Baltic,Simrishamn,UNKNOWN,1883,14.3681907,55.5647742,current,NA,NA,NA,no,,NRM
ND254,clupea_harengus,Baltic,Simrishamn,UNKNOWN,1883,14.3681907,55.5647742,current,NA,NA,NA,no,,NRM
ND255,clupea_harengus,Baltic,Simrishamn,UNKNOWN,1883,14.3681907,55.5647742,current,NA,NA,NA,no,,NRM
ND256,clupea_harengus,Baltic,Simrishamn,UNKNOWN,1883,14.3681907,55.5647742,current,NA,NA,NA,no,,NRM
ND257,clupea_harengus,Baltic,Simrishamn,UNKNOWN,1883,14.3681907,55.5647742,current,NA,NA,NA,no,,NRM
ND258,clupea_harengus,Baltic,Simrishamn,UNKNOWN,1883,14.3681907,55.5647742,current,NA,NA,NA,no,,NRM
ND259,clupea_harengus,Baltic,Kivik,UNKNOWN,1893,14.2513117,55.6947149,current,NA,NA,NA,no,,NRM
ND260,clupea_harengus,Baltic,Kivik,UNKNOWN,1893,14.2513117,55.6947149,current,NA,NA,NA,no,,NRM
ND261,clupea_harengus,Baltic,Kivik,UNKNOWN,1893,14.2513117,55.6947149,current,NA,NA,NA,no,,NRM
ND262,clupea_harengus,Baltic,Kivik,UNKNOWN,1893,14.2513117,55.6947149,current,NA,NA,NA,no,,NRM
ND263,clupea_harengus,Baltic,Kivik,UNKNOWN,1893,14.2513117,55.6947149,current,NA,NA,NA,no,,NRM
ND264,clupea_harengus,Baltic,Kivik,UNKNOWN,1893,14.2513117,55.6947149,current,NA,NA,NA,no,,NRM
ND265,clupea_harengus,Baltic,Kivik,UNKNOWN,1893,14.2513117,55.6947149,current,NA,NA,NA,no,,NRM
ND266,clupea_harengus,Baltic,Kivik,UNKNOWN,1893,14.2513117,55.6947149,current,NA,NA,NA,no,,NRM
ND267,clupea_harengus,Baltic,Kivik,UNKNOWN,1893,14.2513117,55.6947149,current,NA,NA,NA,no,,NRM
ND268,clupea_harengus,Baltic,Kivik,UNKNOWN,1893,14.2513117,55.6947149,current,NA,NA,NA,no,,NRM
ND269,clupea_harengus,Baltic,Värmdö Gällnönäs,UNKNOWN,1881,18.7063951,59.3961038,current,NA,NA,NA,no,,NRM
ND270,clupea_harengus,Baltic,Värmdö Gällnönäs,UNKNOWN,1881,18.7063951,59.3961038,current,NA,NA,NA,no,,NRM
ND271,clupea_harengus,Baltic,Värmdö Gällnönäs,UNKNOWN,1881,18.7063951,59.3961038,current,NA,NA,NA,no,,NRM
ND272,clupea_harengus,Baltic,Värmdö Gällnönäs,UNKNOWN,1881,18.7063951,59.3961038,current,NA,NA,NA,no,,NRM
ND273,clupea_harengus,Baltic,Värmdö Gällnönäs,UNKNOWN,1881,18.7063951,59.3961038,current,NA,NA,NA,no,,NRM
ND274,clupea_harengus,Baltic,Värmdö Gällnönäs,UNKNOWN,1881,18.7063951,59.3961038,current,NA,NA,NA,no,,NRM
ND275,clupea_harengus,Baltic,Värmdö Gällnönäs,UNKNOWN,1881,18.7063951,59.3961038,current,NA,NA,NA,no,,NRM
ND276,clupea_harengus,Baltic,Värmdö Gällnönäs,UNKNOWN,1881,18.7063951,59.3961038,current,NA,NA,NA,no,,NRM
ND277,clupea_harengus,Baltic,Värmdö Gällnönäs,UNKNOWN,1881,18.7063951,59.3961038,current,NA,NA,NA,no,,NRM
ND278,clupea_harengus,Baltic,Värmdö Gällnönäs,UNKNOWN,1881,18.7063951,59.3961038,current,NA,NA,NA,no,,NRM
ND279,clupea_harengus,Baltic,Värmdö Gällnönäs,UNKNOWN,1881,18.7063951,59.3961038,current,NA,NA,NA,no,,NRM
ND280,clupea_harengus,Baltic,Värmdö Gällnönäs,UNKNOWN,1881,18.7063951,59.3961038,current,NA,NA,NA,no,,NRM
ND281,clupea_harengus,Baltic,Värmdö Gällnönäs,UNKNOWN,1881,18.7063951,59.3961038,current,NA,NA,NA,no,,NRM
ND282,clupea_harengus,Baltic,Värmdö Gällnönäs,UNKNOWN,1881,18.7063951,59.3961038,current,NA,NA,NA,no,,NRM
ND283,clupea_harengus,Baltic,Värmdö Gällnönäs,UNKNOWN,1881,18.7063951,59.3961038,current,NA,NA,NA,no,,NRM
ND284,clupea_harengus,Baltic,Värmdö Sandö,UNKNOWN,1881,18.8971997,59.2847803,current,NA,NA,NA,no,,NRM
ND285,clupea_harengus,Baltic,Värmdö Sandö,UNKNOWN,1881,18.8971997,59.2847803,current,NA,NA,NA,no,,NRM
ND286,clupea_harengus,Baltic,Värmdö Sandö,UNKNOWN,1881,18.8971997,59.2847803,current,NA,NA,NA,no,,NRM
ND287,clupea_harengus,Baltic,Värmdö Sandö,UNKNOWN,1881,18.8971997,59.2847803,current,NA,NA,NA,no,,NRM
ND288,clupea_harengus,Baltic,Värmdö Sandö,UNKNOWN,1881,18.8971997,59.2847803,current,NA,NA,NA,no,,NRM
ND289,clupea_harengus,Baltic,Värmdö Sandö,UNKNOWN,1881,18.8971997,59.2847803,current,NA,NA,NA,no,,NRM
ND290,clupea_harengus,Baltic,Värmdö Sandö,UNKNOWN,1881,18.8971997,59.2847803,current,NA,NA,NA,no,,NRM
ND291,clupea_harengus,Baltic,Värmdö Sandö,UNKNOWN,1881,18.8971997,59.2847803,current,NA,NA,NA,no,,NRM
ND292,clupea_harengus,Baltic,Värmdö Sandö,UNKNOWN,1881,18.8971997,59.2847803,current,NA,NA,NA,no,,NRM
ND293,clupea_harengus,Baltic,Värmdö Sandö,UNKNOWN,1881,18.8971997,59.2847803,current,NA,NA,NA,no,,NRM
ND294,clupea_harengus,Bothnia,Gräsö,UNKNOWN,1851,18.464501,60.3477961,current,NA,NA,NA,no,,NRM
ND295,clupea_harengus,Bothnia,Gräsö,UNKNOWN,1851,18.464501,60.3477961,current,NA,NA,NA,no,,NRM
ND296,clupea_harengus,Bothnia,Gräsö,UNKNOWN,1851,18.464501,60.3477961,current,NA,NA,NA,no,,NRM
ND297,clupea_harengus,Bothnia,Gräsö,UNKNOWN,1851,18.464501,60.3477961,current,NA,NA,NA,no,,NRM
ND298,clupea_harengus,Bothnia,Gräsö,UNKNOWN,1851,18.464501,60.3477961,current,NA,NA,NA,no,,NRM
ND299,clupea_harengus,Bothnia,Gräsö,UNKNOWN,1851,18.464501,60.3477961,current,NA,NA,NA,no,,NRM
ND300,clupea_harengus,Bothnia,Gräsö,UNKNOWN,1851,18.464501,60.3477961,current,NA,NA,NA,no,,NRM
ND301,clupea_harengus,Bothnia,Högsten,UNKNOWN,1874,18.6333333,60.3,current,NA,NA,NA,no,,NRM
ND302,clupea_harengus,Bothnia,Högsten,UNKNOWN,1874,18.6333333,60.3,current,3.021670,hogsten_1,historical,no,18rh,NRM
ND303,clupea_harengus,Bothnia,Högsten,UNKNOWN,1874,18.6333333,60.3,current,NA,NA,NA,no,,NRM
ND304,clupea_harengus,Bothnia,Högsten,UNKNOWN,1874,18.6333333,60.3,current,2.448614,hogsten_2,historical,no,18rh,NRM
ND305,clupea_harengus,Bothnia,Högsten,UNKNOWN,1874,18.6333333,60.3,current,3.279885,hogsten_3,historical,no,18rh,NRM
ND306,clupea_harengus,Bothnia,Högsten,UNKNOWN,1874,18.6333333,60.3,current,1.475403,hogsten_4,historical,no,18rh,NRM
ND307,clupea_harengus,Bothnia,Högsten,UNKNOWN,1874,18.6333333,60.3,current,2.566025,hogsten_5,historical,no,18rh,NRM
ND308,clupea_harengus,Bothnia,Högsten,UNKNOWN,1874,18.6333333,60.3,current,2.748911,hogsten_6,historical,no,18rh,NRM
ND309,clupea_harengus,Bothnia,Högsten,UNKNOWN,1874,18.6333333,60.3,current,2.518423,hogsten_7,historical,no,18rh,NRM
ND310,clupea_harengus,Bothnia,Högsten,UNKNOWN,1874,18.6333333,60.3,current,NA,NA,NA,no,,NRM
ND311,clupea_harengus,Bothnia,Umeå archipelago,UNKNOWN,1864,20.3354569,63.7269372,current,4.225351,umea_1,historical,no,18rh,NRM
ND312,clupea_harengus,Bothnia,Umeå archipelago,UNKNOWN,1864,20.3354569,63.7269372,current,3.700396,umea_2,historical,no,18rh,NRM
ND313,clupea_harengus,Bothnia,Umeå archipelago,UNKNOWN,1864,20.3354569,63.7269372,current,2.788728,umea_3,historical,no,18rh,NRM
ND314,clupea_harengus,Bothnia,Umeå archipelago,UNKNOWN,1864,20.3354569,63.7269372,current,13.044999,umea_4,historical,no,18rh,NRM
ND315,clupea_harengus,Bothnia,Umeå archipelago,UNKNOWN,1864,20.3354569,63.7269372,current,4.387748,umea_5,historical,no,18rh,NRM
ND316,clupea_harengus,Bothnia,Umeå archipelago,UNKNOWN,1864,20.3354569,63.7269372,current,2.343272,umea_6,historical,no,18rh,NRM
ND317,clupea_harengus,Bothnia,Umeå archipelago,UNKNOWN,1864,20.3354569,63.7269372,current,3.245942,umea_7,historical,no,18rh,NRM
ND318,clupea_harengus,Norway,Stavanger,UNKNOWN,1872,5.5573408,59.0011071,current,NA,NA,NA,no,,Oslo museum
ND319,clupea_harengus,Norway,Stavanger,UNKNOWN,1872,5.5573408,59.0011071,current,14.939400,stavanger_8,historical,yes,18rh,Oslo museum
ND320,clupea_harengus,Norway,Stavanger,UNKNOWN,1872,5.5573408,59.0011071,current,4.347158,stavanger_9,historical,yes,18rh,Oslo museum
ND321,clupea_harengus,Norway,Stavanger,UNKNOWN,1872,5.5573408,59.0011071,current,5.929909,stavanger_10,historical,yes,18rh,Oslo museum
ND322,clupea_harengus,Norway,Haugesund,UNKNOWN,1873,5.246043,59.4257685,current,4.873849,haugesund_4,historical,yes,18rh,Oslo museum
ND323,clupea_harengus,Norway,Haugesund,UNKNOWN,1873,5.246043,59.4257685,current,5.760484,haugesund_5,historical,yes,18rh,Oslo museum
ND324,clupea_harengus,Norway,Foldfjorden,UNKNOWN,1875,8.3968739,63.2619041,current,3.012860,foldfjorden_1,historical,yes,18rh,Oslo museum
ND325,clupea_harengus,Norway,Foldfjorden,UNKNOWN,1875,8.3968739,63.2619041,current,1.403965,foldfjorden_2,historical,yes,18rh,Oslo museum
ND326,clupea_harengus,Norway,Foldfjorden,UNKNOWN,1875,8.3968739,63.2619041,current,2.771318,foldfjorden_3,historical,yes,18rh,Oslo museum
ND327,clupea_harengus,Norway,Foldfjorden,UNKNOWN,1875,8.3968739,63.2619041,current,NA,NA,NA,no,,Oslo museum
ND328,clupea_harengus,Norway,Foldfjorden,UNKNOWN,1875,8.3968739,63.2619041,current,3.126568,foldfjorden_4,historical,yes,18rh,Oslo museum
ND329,clupea_harengus,Norway,Foldfjorden,UNKNOWN,1875,8.3968739,63.2619041,current,5.609270,foldfjorden_5,historical,yes,18rh,Oslo museum
ND330,clupea_harengus,Norway,Foldfjorden,UNKNOWN,1875,8.3968739,63.2619041,current,3.904485,foldfjorden_6,historical,yes,18rh,Oslo museum
ND331,clupea_harengus,Norway,Foldfjorden,UNKNOWN,1875,8.3968739,63.2619041,current,3.410415,foldfjorden_7,historical,yes,18rh,Oslo museum
ND332,clupea_harengus,Norway,Foldfjorden,UNKNOWN,1875,8.3968739,63.2619041,current,4.395413,foldfjorden_8,historical,yes,18rh,Oslo museum
ND333,clupea_harengus,Norway,Foldfjorden,UNKNOWN,1875,8.3968739,63.2619041,current,3.605817,foldfjorden_9,historical,yes,18rh,Oslo museum
ND334,clupea_harengus,Norway,Foldfjorden,UNKNOWN,1875,8.3968739,63.2619041,current,1.907291,foldfjorden_10,historical,yes,18rh,Oslo museum
ND335,clupea_harengus,Norway,Foldfjorden,UNKNOWN,1875,8.3968739,63.2619041,current,3.705004,foldfjorden_11,historical,yes,18rh,Oslo museum
ND336,clupea_harengus,Norway,Foldfjorden,UNKNOWN,1875,8.3968739,63.2619041,current,2.769064,foldfjorden_12,historical,yes,18rh,Oslo museum
ND337,clupea_harengus,Norway,Foldfjorden,UNKNOWN,1875,8.3968739,63.2619041,current,4.599967,foldfjorden_13,historical,yes,18rh,Oslo museum
ND338,clupea_harengus,Norway,Foldfjorden,UNKNOWN,1875,8.3968739,63.2619041,current,NA,NA,NA,no,,Oslo museum
ND339,clupea_harengus,Norway,Foldfjorden,UNKNOWN,1875,8.3968739,63.2619041,current,NA,NA,NA,no,,Oslo museum
ND340,clupea_harengus,Norway,Foldfjorden,UNKNOWN,1875,8.3968739,63.2619041,current,NA,NA,NA,no,,Oslo museum
ND341,clupea_harengus,Norway,Foldfjorden,UNKNOWN,1875,8.3968739,63.2619041,current,NA,NA,NA,no,,Oslo museum
ND342,clupea_harengus,Norway,Foldfjorden,UNKNOWN,1875,8.3968739,63.2619041,current,3.298801,foldfjorden_14,historical,yes,18rh,Oslo museum
ND343,clupea_harengus,Norway,Foldfjorden,UNKNOWN,1875,8.3968739,63.2619041,current,2.974838,foldfjorden_15,historical,yes,18rh,Oslo museum
ND345,clupea_harengus,Baltic,Vasa Ship,UNKNOWN,1628,18.09139,59.32802,current,NA,NA,NA,no,,Vasa museum
ND346,clupea_harengus,Baltic,Vasa Ship,UNKNOWN,1628,18.09139,59.32802,current,NA,NA,NA,no,,Vasa museum
ND347,clupea_harengus,Baltic,Vasa Ship,UNKNOWN,1628,18.09139,59.32802,current,NA,NA,NA,no,,Vasa museum
ND348,clupea_harengus,Baltic,Vasa Ship,UNKNOWN,1628,18.09139,59.32802,current,NA,NA,NA,no,,Vasa museum
ND349,clupea_harengus,Baltic,Vasa Ship,UNKNOWN,1628,18.09139,59.32802,current,NA,NA,NA,no,,Vasa museum
ND350,clupea_harengus,Baltic,Vasa Ship,UNKNOWN,1628,18.09139,59.32802,current,NA,NA,NA,no,,Vasa museum
ND351,clupea_harengus,Baltic,Vasa Ship,UNKNOWN,1628,18.09139,59.32802,current,NA,NA,NA,no,,Vasa museum
ND352,clupea_harengus,Baltic,Vasa Ship,UNKNOWN,1628,18.09139,59.32802,current,NA,NA,NA,no,,Vasa museum
ND353,clupea_harengus,Baltic,Vasa Ship,UNKNOWN,1628,18.09139,59.32802,current,NA,NA,NA,no,,Vasa museum
ND354,clupea_harengus,Baltic,Vasa Ship,UNKNOWN,1628,18.09139,59.32802,current,NA,NA,NA,no,,Vasa museum
ND355,clupea_harengus,Baltic,Vasa Ship,UNKNOWN,1628,18.09139,59.32802,current,NA,NA,NA,no,,Vasa museum
ND356,clupea_harengus,Baltic,Vasa Ship,UNKNOWN,1628,18.09139,59.32802,current,NA,NA,NA,no,,Vasa museum
ND357,clupea_harengus,Baltic,Vasa Ship,UNKNOWN,1628,18.09139,59.32802,current,NA,NA,NA,no,,Vasa museum
ND358,clupea_harengus,Baltic,Vasa Ship,UNKNOWN,1628,18.09139,59.32802,current,NA,NA,NA,no,,Vasa museum
ND359,clupea_harengus,Baltic,Vasa Ship,UNKNOWN,1628,18.09139,59.32802,current,NA,NA,NA,no,,Vasa museum
ND360,clupea_harengus,Baltic,Vasa Ship,UNKNOWN,1628,18.09139,59.32802,current,NA,NA,NA,no,,Vasa museum
ND361,clupea_harengus,Baltic,Vasa Ship,UNKNOWN,1628,18.09139,59.32802,current,NA,NA,NA,no,,Vasa museum
ND362,clupea_harengus,Baltic,Vasa Ship,UNKNOWN,1628,18.09139,59.32802,current,NA,NA,NA,no,,Vasa museum
ND363,clupea_harengus,Baltic,Vasa Ship,UNKNOWN,1628,18.09139,59.32802,current,NA,NA,NA,no,,Vasa museum
ND364,clupea_harengus,Baltic,Vasa Ship,UNKNOWN,1628,18.09139,59.32802,current,0.435564,vasa_1,historical,no,ah,Vasa museum
ND365,clupea_harengus,Baltic,Vasa Ship,UNKNOWN,1628,18.09139,59.32802,current,0.864319,vasa_2,historical,no,ah,Vasa museum
ND366,clupea_harengus,Baltic,Vasa Ship,UNKNOWN,1628,18.09139,59.32802,current,NA,NA,NA,no,,Vasa museum
ND367,clupea_harengus,Baltic,Vasa Ship,UNKNOWN,1628,18.09139,59.32802,current,NA,NA,NA,no,,Vasa museum
ND368,clupea_harengus,Baltic,Vasa Ship,UNKNOWN,1628,18.09139,59.32802,current,NA,NA,NA,no,,Vasa museum
ND369,clupea_harengus,Baltic,Vasa Ship,UNKNOWN,1628,18.09139,59.32802,current,NA,NA,NA,no,,Vasa museum
ND370,clupea_harengus,Baltic,Vasa Ship,UNKNOWN,1628,18.09139,59.32802,current,NA,NA,NA,no,,Vasa museum
ND371,clupea_harengus,Baltic,Vasa Ship,UNKNOWN,1628,18.09139,59.32802,current,NA,NA,NA,no,,Vasa museum
ND372,clupea_harengus,Baltic,Vasa Ship,UNKNOWN,1628,18.09139,59.32802,current,NA,NA,NA,no,,Vasa museum
ND373,clupea_harengus,Baltic,Vasa Ship,UNKNOWN,1628,18.09139,59.32802,current,NA,NA,NA,no,,Vasa museum
ND374,clupea_harengus,Baltic,Vasa Ship,UNKNOWN,1628,18.09139,59.32802,current,1.149998,vasa_3,historical,no,ah,Vasa museum
ND375,clupea_harengus,Baltic,Vasa Ship,UNKNOWN,1628,18.09139,59.32802,current,1.186265,vasa_4,historical,no,ah,Vasa museum
ND376,clupea_harengus,Baltic,Vasa Ship,UNKNOWN,1628,18.09139,59.32802,current,NA,NA,NA,no,,Vasa museum
ND377,clupea_harengus,Baltic,Vasa Ship,UNKNOWN,1628,18.09139,59.32802,current,NA,NA,NA,no,,Vasa museum
ND378,clupea_harengus,Baltic,Vasa Ship,UNKNOWN,1628,18.09139,59.32802,current,NA,NA,NA,no,,Vasa museum
ND379,clupea_harengus,Baltic,Vasa Ship,UNKNOWN,1628,18.09139,59.32802,current,NA,NA,NA,no,,Vasa museum
ND380,clupea_harengus,Baltic,Vasa Ship,UNKNOWN,1628,18.09139,59.32802,current,NA,NA,NA,no,,Vasa museum
ND381,clupea_harengus,Baltic,Vasa Ship,UNKNOWN,1628,18.09139,59.32802,current,NA,NA,NA,no,,Vasa museum
ND382,clupea_harengus,Baltic,Vasa Ship,UNKNOWN,1628,18.09139,59.32802,current,NA,NA,NA,no,,Vasa museum
ND383,clupea_harengus,Baltic,Vasa Ship,UNKNOWN,1628,18.09139,59.32802,current,NA,NA,NA,no,,Vasa museum
ND384,clupea_harengus,Baltic,Vasa Ship,UNKNOWN,1628,18.09139,59.32802,current,NA,NA,NA,no,,Vasa museum
ND385,clupea_harengus,Baltic,Vasa Ship,UNKNOWN,1628,18.09139,59.32802,current,NA,NA,NA,no,,Vasa museum
ND386,clupea_harengus,Baltic,Vasa Ship,UNKNOWN,1628,18.09139,59.32802,current,NA,NA,NA,no,,Vasa museum
ND387,clupea_harengus,Baltic,Vasa Ship,UNKNOWN,1628,18.09139,59.32802,current,0.623124,vasa_5,historical,no,ah,Vasa museum
ND388,clupea_harengus,Baltic,Vasa Ship,UNKNOWN,1628,18.09139,59.32802,current,NA,NA,NA,no,,Vasa museum
ND389,clupea_harengus,Baltic,Vasa Ship,UNKNOWN,1628,18.09139,59.32802,current,NA,NA,NA,no,,Vasa museum
ND390,clupea_harengus,Baltic,Vasa Ship,UNKNOWN,1628,18.09139,59.32802,current,NA,NA,NA,no,,Vasa museum
ND391,clupea_harengus,Belt,Kämpinge Höllviken,UNKNOWN,1300,12.960312,55.4077007,current,4.585577,kampinge_1,historical,no,ah,Lund museum
ND392,clupea_harengus,Belt,Kämpinge Höllviken,UNKNOWN,1300,12.960312,55.4077007,current,5.972039,kampinge_2,historical,no,ah,Lund museum
ND393,clupea_harengus,Belt,Kämpinge Höllviken,UNKNOWN,1300,12.960312,55.4077007,current,2.951368,kampinge_3,historical,no,ah,Lund museum
ND394,clupea_harengus,Belt,Kämpinge Höllviken,UNKNOWN,1300,12.960312,55.4077007,current,2.764281,kampinge_4,historical,no,ah,Lund museum
ND395,clupea_harengus,Belt,Kämpinge Höllviken,UNKNOWN,1300,12.960312,55.4077007,current,2.992453,kampinge_5,historical,no,ah,Lund museum
ND396,clupea_harengus,Belt,Kämpinge Höllviken,UNKNOWN,1300,12.960312,55.4077007,current,2.631627,kampinge_6,historical,no,ah,Lund museum
ND397,clupea_harengus,Belt,Kämpinge Höllviken,UNKNOWN,1300,12.960312,55.4077007,current,3.027960,kampinge_7,historical,no,ah,Lund museum
ND398,clupea_harengus,Belt,Kämpinge Höllviken,UNKNOWN,1300,12.960312,55.4077007,current,2.653681,kampinge_8,historical,no,ah,Lund museum
ND399,clupea_harengus,Belt,Kämpinge Höllviken,UNKNOWN,1300,12.960312,55.4077007,current,2.700212,kampinge_9,historical,no,ah,Lund museum
ND400,clupea_harengus,Belt,Kämpinge Höllviken,UNKNOWN,1300,12.960312,55.4077007,current,2.356012,kampinge_10,historical,no,ah,Lund museum
ND401,clupea_harengus,Belt,Kämpinge Höllviken,UNKNOWN,1300,12.960312,55.4077007,current,5.654485,kampinge_11,historical,no,ah,Lund museum
ND402,clupea_harengus,Belt,Kämpinge Höllviken,UNKNOWN,1300,12.960312,55.4077007,current,3.419174,kampinge_12,historical,no,ah,Lund museum
ND403,clupea_harengus,Belt,Kämpinge Höllviken,UNKNOWN,1300,12.960312,55.4077007,current,2.408107,kampinge_13,historical,no,ah,Lund museum
ND404,clupea_harengus,Belt,Kämpinge Höllviken,UNKNOWN,1300,12.960312,55.4077007,current,4.327760,kampinge_14,historical,no,ah,Lund museum
ND405,clupea_harengus,Belt,Kämpinge Höllviken,UNKNOWN,1300,12.960312,55.4077007,current,3.875688,kampinge_15,historical,no,ah,Lund museum
ND406,clupea_harengus,Belt,Kämpinge Höllviken,UNKNOWN,1300,12.960312,55.4077007,current,NA,NA,NA,no,,Lund museum
ND407,clupea_harengus,Belt,Kämpinge Höllviken,UNKNOWN,1300,12.960312,55.4077007,current,3.007336,kampinge_16,historical,no,ah,Lund museum
ND408,clupea_harengus,Belt,Kämpinge Höllviken,UNKNOWN,1300,12.960312,55.4077007,current,4.576942,kampinge_17,historical,no,ah,Lund museum
ND409,clupea_harengus,Belt,Knästorp,UNKNOWN,600,13.2011789,55.6677718,current,1.489740,knastorp_1,historical,no,ah,Lund museum
ND410,clupea_harengus,Belt,Knästorp,UNKNOWN,600,13.2011789,55.6677718,current,2.805773,knastorp_2,historical,no,ah,Lund museum
ND411,clupea_harengus,Belt,Knästorp,UNKNOWN,600,13.2011789,55.6677718,current,2.467269,knastorp_3,historical,no,ah,Lund museum
ND412,clupea_harengus,Belt,Knästorp,UNKNOWN,600,13.2011789,55.6677718,current,NA,NA,NA,no,,Lund museum
ND413,clupea_harengus,Belt,Knästorp,UNKNOWN,600,13.2011789,55.6677718,current,NA,NA,NA,no,,Lund museum
ND414,clupea_harengus,Belt,Knästorp,UNKNOWN,600,13.2011789,55.6677718,current,1.974520,knastorp_4,historical,no,ah,Lund museum
ND415,clupea_harengus,Belt,Knästorp,UNKNOWN,600,13.2011789,55.6677718,current,1.942060,knastorp_5,historical,no,ah,Lund museum
ND416,clupea_harengus,Belt,Knästorp,UNKNOWN,600,13.2011789,55.6677718,current,NA,NA,NA,no,,Lund museum
ND417,clupea_harengus,Belt,Knästorp,UNKNOWN,600,13.2011789,55.6677718,current,1.798625,knastorp_6,historical,no,ah,Lund museum
ND418,clupea_harengus,Belt,Knästorp,UNKNOWN,600,13.2011789,55.6677718,current,2.213952,knastorp_7,historical,no,ah,Lund museum
ND419,clupea_harengus,Skagerrak_&_Kattegat,Nya Lödöse,UNKNOWN,1500,12.1562058,58.0327409,current,NA,NA,NA,no,,excavation
ND420,clupea_harengus,Skagerrak_&_Kattegat,Nya Lödöse,UNKNOWN,1500,12.1562058,58.0327409,current,NA,NA,NA,no,,excavation
ND421,clupea_harengus,Skagerrak_&_Kattegat,Nya Lödöse,UNKNOWN,1500,12.1562058,58.0327409,current,NA,NA,NA,no,,excavation
ND422,clupea_harengus,Skagerrak_&_Kattegat,Nya Lödöse,UNKNOWN,1500,12.1562058,58.0327409,current,NA,NA,NA,no,,excavation
ND423,clupea_harengus,Skagerrak_&_Kattegat,Nya Lödöse,UNKNOWN,1500,12.1562058,58.0327409,current,NA,NA,NA,no,,excavation
ND424,clupea_harengus,Skagerrak_&_Kattegat,Nya Lödöse,UNKNOWN,1500,12.1562058,58.0327409,current,NA,NA,NA,no,,excavation
ND425,clupea_harengus,Skagerrak_&_Kattegat,Nya Lödöse,UNKNOWN,1500,12.1562058,58.0327409,current,NA,NA,NA,no,,excavation
ND426,clupea_harengus,Skagerrak_&_Kattegat,Nya Lödöse,UNKNOWN,1500,12.1562058,58.0327409,current,NA,NA,NA,no,,excavation
ND427,clupea_harengus,Skagerrak_&_Kattegat,Nya Lödöse,UNKNOWN,1500,12.1562058,58.0327409,current,NA,NA,NA,no,,excavation
ND428,clupea_harengus,Skagerrak_&_Kattegat,Nya Lödöse,UNKNOWN,1500,12.1562058,58.0327409,current,NA,NA,NA,no,,excavation
ND429,clupea_harengus,Skagerrak_&_Kattegat,Nya Lödöse,UNKNOWN,1500,12.1562058,58.0327409,current,NA,NA,NA,no,,excavation
ND430,clupea_harengus,Skagerrak_&_Kattegat,Nya Lödöse,UNKNOWN,1500,12.1562058,58.0327409,current,NA,NA,NA,no,,excavation
ND431,clupea_harengus,Skagerrak_&_Kattegat,Nya Lödöse,UNKNOWN,1500,12.1562058,58.0327409,current,NA,NA,NA,no,,excavation
ND432,clupea_harengus,Skagerrak_&_Kattegat,Nya Lödöse,UNKNOWN,1500,12.1562058,58.0327409,current,NA,NA,NA,no,,excavation
ND433,clupea_harengus,Skagerrak_&_Kattegat,Nya Lödöse,UNKNOWN,1500,12.1562058,58.0327409,current,NA,NA,NA,no,,excavation
ND434,clupea_harengus,Skagerrak_&_Kattegat,Nya Lödöse,UNKNOWN,1500,12.1562058,58.0327409,current,NA,NA,NA,no,,excavation
ND435,clupea_harengus,Skagerrak_&_Kattegat,Nya Lödöse,UNKNOWN,1500,12.1562058,58.0327409,current,NA,NA,NA,no,,excavation
ND436,clupea_harengus,Skagerrak_&_Kattegat,Nya Lödöse,UNKNOWN,1500,12.1562058,58.0327409,current,NA,NA,NA,no,,excavation
ND437,clupea_harengus,Skagerrak_&_Kattegat,Nya Lödöse,UNKNOWN,1500,12.1562058,58.0327409,current,NA,NA,NA,no,,excavation
ND438,clupea_harengus,Skagerrak_&_Kattegat,Nya Lödöse,UNKNOWN,1500,12.1562058,58.0327409,current,NA,NA,NA,no,,excavation
ND439,clupea_harengus,Skagerrak_&_Kattegat,Nya Lödöse,UNKNOWN,1500,12.1562058,58.0327409,current,NA,NA,NA,no,,excavation
ND440,clupea_harengus,Skagerrak_&_Kattegat,Nya Lödöse,UNKNOWN,1500,12.1562058,58.0327409,current,2.685054,nyalodose_1,historical,yes,ah,excavation
ND441,clupea_harengus,Skagerrak_&_Kattegat,Nya Lödöse,UNKNOWN,1500,12.1562058,58.0327409,current,NA,NA,NA,no,,excavation
ND442,clupea_harengus,Skagerrak_&_Kattegat,Masthugget,UNKNOWN,1740,11.9470565,57.6965823,current,NA,NA,NA,no,,excavation
ND443,clupea_harengus,Skagerrak_&_Kattegat,Masthugget,UNKNOWN,1740,11.9470565,57.6965823,current,2.602089,masthugget_1,sillperioder,yes,17sp,excavation
ND444,clupea_harengus,Skagerrak_&_Kattegat,Masthugget,UNKNOWN,1740,11.9470565,57.6965823,current,NA,NA,NA,no,,excavation
ND445,clupea_harengus,Skagerrak_&_Kattegat,Masthugget,UNKNOWN,1740,11.9470565,57.6965823,current,NA,NA,NA,no,,excavation
ND446,clupea_harengus,Skagerrak_&_Kattegat,Masthugget,UNKNOWN,1740,11.9470565,57.6965823,current,NA,NA,NA,no,,excavation
ND447,clupea_harengus,Skagerrak_&_Kattegat,Masthugget,UNKNOWN,1740,11.9470565,57.6965823,current,NA,NA,NA,no,,excavation
ND448,clupea_harengus,Skagerrak_&_Kattegat,Masthugget,UNKNOWN,1740,11.9470565,57.6965823,current,4.608677,masthugget_2,sillperioder,yes,17sp,excavation
ND449,clupea_harengus,Skagerrak_&_Kattegat,Masthugget,UNKNOWN,1740,11.9470565,57.6965823,current,NA,NA,NA,no,,excavation
ND450,clupea_harengus,Skagerrak_&_Kattegat,Masthugget,UNKNOWN,1740,11.9470565,57.6965823,current,2.894514,masthugget_3,sillperioder,yes,17sp,excavation
ND451,clupea_harengus,Skagerrak_&_Kattegat,Masthugget,UNKNOWN,1740,11.9470565,57.6965823,current,NA,NA,NA,no,,excavation
ND452,clupea_harengus,Skagerrak_&_Kattegat,Masthugget,UNKNOWN,1740,11.9470565,57.6965823,current,NA,NA,NA,no,,excavation
ND453,clupea_harengus,Skagerrak_&_Kattegat,Masthugget,UNKNOWN,1740,11.9470565,57.6965823,current,NA,NA,NA,no,,excavation
ND454,clupea_harengus,Skagerrak_&_Kattegat,Masthugget,UNKNOWN,1740,11.9470565,57.6965823,current,2.438992,masthugget_4,sillperioder,yes,17sp,excavation
ND455,clupea_harengus,Skagerrak_&_Kattegat,Masthugget,UNKNOWN,1740,11.9470565,57.6965823,current,6.682945,masthugget_5,sillperioder,yes,17sp,excavation
ND456,clupea_harengus,Skagerrak_&_Kattegat,Masthugget,UNKNOWN,1740,11.9470565,57.6965823,current,6.440118,masthugget_6,sillperioder,yes,17sp,excavation
ND457,clupea_harengus,Britain_&_Ireland,St. Andrews West Coast,UNKNOWN,1889,-2.7967214,56.3397753,current,NA,NA,NA,no,,BNHM
ND458,clupea_harengus,Britain_&_Ireland,St. Andrews West Coast,UNKNOWN,UNKNOWN,-2.7967214,56.3397753,current,NA,NA,NA,no,,BNHM
ND458x,clupea_harengus,Britain_&_Ireland,St. Andrews West Coast,UNKNOWN,UNKNOWN,-2.7967214,56.3397753,current,NA,NA,NA,no,,BNHM
ND459,clupea_harengus,Norway,Norway,UNKNOWN,1883,9.6931,61.86495,current,7.637632,norway_1,sillperioder,yes,18sp,BNHM
ND460,clupea_harengus,Norway,Norway,UNKNOWN,1883,9.6931,61.86495,current,9.412157,norway_2,sillperioder,yes,18sp,BNHM
ND461,clupea_harengus,Norway,Norway,UNKNOWN,1882,9.6931,61.86495,current,1.404291,norway_3,sillperioder,yes,18sp,BNHM
ND463,clupea_harengus,Norway,Norway,UNKNOWN,1883,9.6931,61.86495,current,12.842253,norway_4,sillperioder,yes,18sp,BNHM
ND464,clupea_harengus,Skagerrak_&_Kattegat,Masthugget,UNKNOWN,1740,11.9470565,57.6965823,current,2.314271,masthugget_7,sillperioder,yes,17sp,excavation
ND465,clupea_harengus,Skagerrak_&_Kattegat,Masthugget,UNKNOWN,1740,11.9470565,57.6965823,current,NA,NA,NA,no,,excavation
ND466,clupea_harengus,Skagerrak_&_Kattegat,Masthugget,UNKNOWN,1740,11.9470565,57.6965823,current,NA,NA,NA,no,,excavation
ND467,clupea_harengus,Skagerrak_&_Kattegat,Masthugget,UNKNOWN,1740,11.9470565,57.6965823,current,3.042388,masthugget_8,sillperioder,yes,17sp,excavation
ND468,clupea_harengus,Skagerrak_&_Kattegat,Masthugget,UNKNOWN,1740,11.9470565,57.6965823,current,NA,NA,NA,no,,excavation
NorthSea13,clupea_harengus,North_Sea,North Sea,autumn,1979,6.166666666666670,58.1,Han_2020,16.585388,northsea_18,modern,yes,mh,Han_2020
NorthSea19,clupea_harengus,North_Sea,North Sea,autumn,1979,6.166666666666670,58.1,Han_2020,17.174773,northsea_19,modern,yes,mh,Han_2020
NorthSea34,clupea_harengus,North_Sea,North Sea,autumn,1979,6.166666666666670,58.1,Han_2020,17.043564,northsea_20,modern,yes,mh,Han_2020
NS1,clupea_harengus,North_Sea,North Sea,autumn,2014,6.166666666666670,58.1,Lamichhaney_2017,0.102607,northsea_21,modern,no,,Lamichhaney_2017
NS2,clupea_harengus,North_Sea,North Sea,autumn,2014,6.166666666666670,58.1,Lamichhaney_2017,0.062559,northsea_22,modern,no,,Lamichhaney_2017
NS3,clupea_harengus,North_Sea,North Sea,autumn,2014,6.166666666666670,58.1,Lamichhaney_2017,0.040247,northsea_23,modern,no,,Lamichhaney_2017
NsFA,clupea_harengus,NW-ATL,Canada (Northumberland Strait),autumn,2014,-62.6,45.733333333333300,Lamichhaney_2017,0.217200,northumberland_1,modern,no,,Lamichhaney_2017
NsFB,clupea_harengus,NW-ATL,Canada (Northumberland Strait),autumn,2014,-62.6,45.733333333333300,Lamichhaney_2017,0.019399,northumberland_2,modern,no,,Lamichhaney_2017
NsSA,clupea_harengus,NW-ATL,Canada (Northumberland Strait),spring,2014,-64.15,46.31666666666670,Lamichhaney_2017,0.061869,northumberland_3,modern,no,,Lamichhaney_2017
NsSB,clupea_harengus,NW-ATL,Canada (Northumberland Strait),spring,2014,-64.15,46.31666666666670,Lamichhaney_2017,0.020538,northumberland_4,modern,no,,Lamichhaney_2017
NSSH33,clupea_harengus,Norway,Norwegian Sea,spring,2017,9.78333,67.76666,Han_2020,9.715846,norwegian_38,modern,yes,mh,Han_2020
NSSH34,clupea_harengus,Norway,Norwegian Sea,spring,2017,9.78333,67.76666,Han_2020,12.091132,norwegian_39,modern,yes,mh,Han_2020
NSSH36,clupea_harengus,Norway,Norwegian Sea,spring,2017,9.78333,67.76666,Han_2020,9.768813,norwegian_40,modern,yes,mh,Han_2020
Pacific16,clupea_pallasii,E-PACIFIC,British Columbia,NA,2012,-123.87275,49.35685,Han_2020,42.296821,britishcolumbia_1,modern,no,,Han_2020
Pacific3,clupea_pallasii,E-PACIFIC,British Columbia,NA,2012,-123.87272,49.35685,Han_2020,35.619914,britishcolumbia_2,modern,no,,Han_2020
Pacific30,clupea_pallasii,E-PACIFIC,British Columbia,NA,2012,-123.87269,49.35685,Han_2020,18.928262,britishcolumbia_3,modern,no,,Han_2020
Pacific35,clupea_pallasii,E-PACIFIC,British Columbia,NA,2012,-123.87266,49.35685,Han_2020,34.018063,britishcolumbia_4,modern,no,,Han_2020
Pacific44,clupea_pallasii,E-PACIFIC,British Columbia,NA,2012,-123.87263,49.35685,Han_2020,42.173536,britishcolumbia_5,modern,no,,Han_2020
Pacific5,clupea_pallasii,E-PACIFIC,British Columbia,NA,2012,-123.8726,49.35685,Han_2020,43.835676,britishcolumbia_6,modern,no,,Han_2020
PH1,clupea_pallasii,E-PACIFIC,British Columbia,spring,2014,-123.87275,49.35685,Lamichhaney_2017,0.192190,britishcolumbia_7,modern,no,,Lamichhaney_2017
PH2,clupea_pallasii,E-PACIFIC,British Columbia,spring,2014,-123.87275,49.35685,Lamichhaney_2017,0.207011,britishcolumbia_8,modern,no,,Lamichhaney_2017
PH3,clupea_pallasii,E-PACIFIC,British Columbia,spring,2014,-123.87275,49.35685,Lamichhaney_2017,0.084547,britishcolumbia_9,modern,no,,Lamichhaney_2017
PH4,clupea_pallasii,E-PACIFIC,British Columbia,spring,2014,-123.87275,49.35685,Lamichhaney_2017,0.155752,britishcolumbia_10,modern,no,,Lamichhaney_2017
PH5,clupea_pallasii,E-PACIFIC,British Columbia,spring,2014,-123.87275,49.35685,Lamichhaney_2017,0.161570,britishcolumbia_11,modern,no,,Lamichhaney_2017
PH6,clupea_pallasii,E-PACIFIC,British Columbia,spring,2014,-123.87275,49.35685,Lamichhaney_2017,0.212894,britishcolumbia_12,modern,no,,Lamichhaney_2017
Z12,clupea_harengus,Britain_&_Ireland,Isle of Man,autumn,2015,-4.616666666666670,54.1,Han_2020,10.462755,isleofman_1,modern,yes,mh,Han_2020
Z14,clupea_harengus,Britain_&_Ireland,Isle of Man,autumn,2015,-4.616666666666670,54.1,Han_2020,11.615527,isleofman_2,modern,yes,mh,Han_2020
Z4,clupea_harengus,Britain_&_Ireland,Isle of Man,autumn,2015,-4.616666666666670,54.1,Han_2020,16.106709,isleofman_3,modern,yes,mh,Han_2020